id,email,full_name,phone,aadhaar_no,pan_no,street_address,city,consent_purposes,password,created_at
usr_c2fa82d38b8e,pallavi.dubey1@example.in,Pallavi Dubey,+919775947976,8173-8708-6544,KVUPA3907K,"164, FC Road, Sector 34",Hyderabad,"[""ORDER_FULFILLMENT"",""MARKETING_SMS"",""CUSTOMER_ANALYTICS""]",Pallavi!747614F4,2026-07-09T10:59:26.164Z
usr_a77aa1782053,rohan.pillai2@example.in,Rohan Pillai,+917741973034,2584-7364-7164,NIXPT0274T,"795, Anna Salai, Sector 43",Ahmedabad,"[""ORDER_FULFILLMENT"",""MARKETING_SMS"",""CUSTOMER_ANALYTICS""]",Rohan!9249C11D,2026-03-29T10:59:26.165Z
usr_c94f2a5d03d4,aditya.menon3@example.in,Aditya Menon,+917296745159,7689-1173-9343,JFNPN4940D,"516, Indiranagar, Sector 38",Indore,"[""ORDER_FULFILLMENT"",""MARKETING_SMS"",""CUSTOMER_ANALYTICS""]",Aditya&23580EA3,2026-06-01T10:59:26.165Z
usr_ef0f27a70dde,aditya.malhotra4@example.in,Aditya Malhotra,+918231357925,2023-1548-9332,ADYPF7685W,"571, Banjara Hills, Sector 31",Chennai,"[""ORDER_FULFILLMENT"",""MARKETING_SMS"",""CUSTOMER_ANALYTICS""]",Aditya$4416AA5C,2026-08-16T10:59:26.165Z
usr_713b77d33d02,ritika.verma5@example.in,Ritika Verma,+918289800671,2061-3137-1235,QONPQ4263M,"907, Brigade Road, Sector 30",Kochi,"[""ORDER_FULFILLMENT"",""MARKETING_SMS"",""CUSTOMER_ANALYTICS""]",Ritika%939839F3,2026-06-12T10:59:26.165Z
usr_a21cf0cfb2d7,manish.chatterjee6@example.in,Manish Chatterjee,+917266106690,6928-6457-4460,VYBPX9395Y,"627, M.G. Road, Sector 43",Hyderabad,"[""ORDER_FULFILLMENT"",""MARKETING_SMS"",""CUSTOMER_ANALYTICS""]",Manish!3037CA77,2026-07-06T10:59:26.165Z
usr_9fa823a35d03,abhishek.joshi7@example.in,Abhishek Joshi,+919893442426,5534-1657-9469,ATYPC3322V,"645, Sector 17, Sector 29",Pune,"[""ORDER_FULFILLMENT"",""MARKETING_SMS"",""CUSTOMER_ANALYTICS""]",Abhishek@78515D0F,2026-04-08T10:59:26.165Z
usr_849497e377b8,neha.patel8@example.in,Neha Patel,+918871978450,4157-4514-1989,UBVPQ6715P,"812, MI Road, Sector 22",Kochi,"[""ORDER_FULFILLMENT"",""MARKETING_SMS"",""CUSTOMER_ANALYTICS""]",Neha$23884427,2026-05-13T10:59:26.165Z
usr_92a9028d3ac2,shweta.bhatia9@example.in,Shweta Bhatia,+917120443631,6956-4484-2095,VGBPA4185D,"18, Anna Salai, Sector 8",Indore,"[""ORDER_FULFILLMENT"",""MARKETING_SMS"",""CUSTOMER_ANALYTICS""]",Shweta$661961F7,2026-06-23T10:59:26.165Z
usr_e33c89e2cfde,bhavna.saxena10@example.in,Bhavna Saxena,+919593770920,6229-9324-8374,NJHPC5932Y,"769, Indiranagar, Sector 6",Bengaluru,"[""ORDER_FULFILLMENT"",""MARKETING_SMS"",""CUSTOMER_ANALYTICS""]",Bhavna$40407BD0,2026-03-30T10:59:26.165Z
usr_59d974723b0a,manish.pandey11@example.in,Manish Pandey,+917541563012,9444-1923-1859,CBIPL2237E,"920, Banjara Hills, Sector 25",Jaipur,"[""ORDER_FULFILLMENT"",""MARKETING_SMS"",""CUSTOMER_ANALYTICS""]",Manish%6874BCC1,2026-05-22T10:59:26.165Z
usr_63da043f20d3,alok.reddy12@example.in,Alok Reddy,+919407402886,7688-8004-1986,JKAPU1044Q,"135, FC Road, Sector 30",Kochi,"[""ORDER_FULFILLMENT"",""MARKETING_SMS"",""CUSTOMER_ANALYTICS""]",Alok%3470C173,2026-05-09T10:59:26.165Z
usr_e3ca015ddec0,sneha.patel13@example.in,Sneha Patel,+918942669554,5822-3819-6715,THXPP6399D,"659, Koramangala, Sector 33",Chennai,"[""ORDER_FULFILLMENT"",""MARKETING_SMS"",""CUSTOMER_ANALYTICS""]",Sneha&14544ABE,2026-05-01T10:59:26.165Z
usr_612484f876c9,ritika.mishra14@example.in,Ritika Mishra,+918186254877,4187-6925-9746,VXLPJ9694T,"959, Sector 17, Sector 31",Hyderabad,"[""ORDER_FULFILLMENT"",""MARKETING_SMS"",""CUSTOMER_ANALYTICS""]",Ritika$495545A1,2026-07-03T10:59:26.165Z
usr_a821a7a4dbe0,vikram.bose15@example.in,Vikram Bose,+919602780903,7815-4759-5317,SDZPG3013E,"63, Koramangala, Sector 11",Delhi NCR,"[""ORDER_FULFILLMENT"",""MARKETING_SMS"",""CUSTOMER_ANALYTICS""]",Vikram$166946A6,2026-05-05T10:59:26.165Z
usr_913c68c3a3b7,aditya.saxena16@example.in,Aditya Saxena,+917803236186,3752-3389-4449,SFOPR3169Q,"788, Sector 17, Sector 26",Bengaluru,"[""ORDER_FULFILLMENT"",""MARKETING_SMS"",""CUSTOMER_ANALYTICS""]",Aditya%160802E8,2026-07-02T10:59:26.165Z
usr_5d763ac67a03,vikram.pandey17@example.in,Vikram Pandey,+919279582371,4285-1034-8663,YEIPH2983P,"128, M.G. Road, Sector 17",Lucknow,"[""ORDER_FULFILLMENT"",""MARKETING_SMS"",""CUSTOMER_ANALYTICS""]",Vikram#49912A60,2026-06-21T10:59:26.165Z
usr_ee1ad8822e30,kunal.menon18@example.in,Kunal Menon,+917938749400,5020-1709-1334,LVOPW7958K,"907, Sector 17, Sector 34",Bengaluru,"[""ORDER_FULFILLMENT"",""MARKETING_SMS"",""CUSTOMER_ANALYTICS""]",Kunal!9922C645,2026-05-03T10:59:26.165Z
usr_4ca42f29c3e6,varun.pillai19@example.in,Varun Pillai,+919379409486,5879-4499-1888,TPTPX5358F,"818, Anna Salai, Sector 6",Chandigarh,"[""ORDER_FULFILLMENT"",""MARKETING_SMS"",""CUSTOMER_ANALYTICS""]",Varun#14841993,2026-08-31T10:59:26.165Z
usr_96a0abb6b662,anjali.iyer20@example.in,Anjali Iyer,+918740997518,7939-3092-3450,GBTPY6814X,"275, Connaught Place, Sector 38",Ahmedabad,"[""ORDER_FULFILLMENT"",""MARKETING_SMS"",""CUSTOMER_ANALYTICS""]",Anjali@57003881,2026-06-15T10:59:26.165Z
usr_5ad3d81d7040,varun.chatterjee21@example.in,Varun Chatterjee,+918852073160,9079-3498-2915,TPYPY7639L,"374, FC Road, Sector 6",Mumbai,"[""ORDER_FULFILLMENT"",""MARKETING_SMS"",""CUSTOMER_ANALYTICS""]",Varun!88102C30,2026-06-17T10:59:26.165Z
usr_6d796c607791,rahul.gupta22@example.in,Rahul Gupta,+918925272517,8013-1752-6733,OYEPK4741G,"474, M.G. Road, Sector 13",Kolkata,"[""ORDER_FULFILLMENT"",""MARKETING_SMS"",""CUSTOMER_ANALYTICS""]",Rahul$14345441,2026-06-30T10:59:26.165Z
usr_2d0ded833c26,karan.bose23@example.in,Karan Bose,+917176023775,2737-9586-1470,IFAPR5452O,"290, Banjara Hills, Sector 17",Bengaluru,"[""ORDER_FULFILLMENT"",""MARKETING_SMS"",""CUSTOMER_ANALYTICS""]",Karan#5262D663,2026-08-30T10:59:26.165Z
usr_6389b5c8f068,nikhil.joshi24@example.in,Nikhil Joshi,+917583450872,9729-2495-5513,VBKPA4692M,"91, M.G. Road, Sector 3",Jaipur,"[""ORDER_FULFILLMENT"",""MARKETING_SMS"",""CUSTOMER_ANALYTICS""]",Nikhil#32127489,2026-08-03T10:59:26.165Z
usr_02ea3e7cbca4,manish.mishra25@example.in,Manish Mishra,+918812793442,6633-7065-2898,OMXPW2373A,"593, Brigade Road, Sector 3",Kolkata,"[""ORDER_FULFILLMENT"",""MARKETING_SMS"",""CUSTOMER_ANALYTICS""]",Manish#6771C571,2026-07-14T10:59:26.165Z
usr_7cae114162e8,shweta.chatterjee26@example.in,Shweta Chatterjee,+917926982565,2251-5344-2815,DZXPA1051X,"128, Koramangala, Sector 22",Jaipur,"[""ORDER_FULFILLMENT"",""MARKETING_SMS"",""CUSTOMER_ANALYTICS""]",Shweta&3002A547,2026-09-01T10:59:26.165Z
usr_8465a58947e2,nikhil.mishra27@example.in,Nikhil Mishra,+919577680152,8536-4035-2624,CRTPR4462A,"893, SG Highway, Sector 28",Kochi,"[""ORDER_FULFILLMENT"",""MARKETING_SMS"",""CUSTOMER_ANALYTICS""]",Nikhil%697638AD,2026-08-06T10:59:26.165Z
usr_e665fe03e7a8,sneha.sharma28@example.in,Sneha Sharma,+917404932411,4321-2343-6531,GGFPN9966T,"732, Connaught Place, Sector 15",Indore,"[""ORDER_FULFILLMENT"",""MARKETING_SMS"",""CUSTOMER_ANALYTICS""]",Sneha%54142FD1,2026-04-08T10:59:26.165Z
usr_a4b50c8aa363,priya.chopra29@example.in,Priya Chopra,+919920936565,6652-1509-5163,CXHPO0195T,"649, Anna Salai, Sector 13",Ahmedabad,"[""ORDER_FULFILLMENT"",""MARKETING_SMS"",""CUSTOMER_ANALYTICS""]",Priya&90010F69,2026-08-14T10:59:26.165Z
usr_d67ee45dce03,arjun.kumar30@example.in,Arjun Kumar,+917293428705,3740-2258-5507,PVAPM8647E,"268, Brigade Road, Sector 6",Delhi NCR,"[""ORDER_FULFILLMENT"",""MARKETING_SMS"",""CUSTOMER_ANALYTICS""]",Arjun!27372615,2026-03-29T10:59:26.165Z
usr_ab8c5f0a23f8,nikhil.pillai31@example.in,Nikhil Pillai,+918661756205,4129-7382-6351,GBEPG5629W,"198, MI Road, Sector 45",Indore,"[""ORDER_FULFILLMENT"",""MARKETING_SMS"",""CUSTOMER_ANALYTICS""]",Nikhil&4253A3FB,2026-03-17T10:59:26.165Z
usr_df953e8d7bd9,ritika.menon32@example.in,Ritika Menon,+917791906863,6585-3593-6757,FCJPP4181D,"376, M.G. Road, Sector 28",Mumbai,"[""ORDER_FULFILLMENT"",""MARKETING_SMS"",""CUSTOMER_ANALYTICS""]",Ritika@7528E531,2026-07-27T10:59:26.165Z
usr_ecaf5312444a,swati.chopra33@example.in,Swati Chopra,+919292058481,5433-3307-1966,BRXPX7490G,"923, Brigade Road, Sector 8",Lucknow,"[""ORDER_FULFILLMENT"",""MARKETING_SMS"",""CUSTOMER_ANALYTICS""]",Swati$75820072,2026-08-21T10:59:26.165Z
usr_e47cdea9567f,kavita.deshmukh34@example.in,Kavita Deshmukh,+917922662856,2909-8294-5444,FZQPS9278J,"569, Park Street, Sector 45",Bengaluru,"[""ORDER_FULFILLMENT"",""MARKETING_SMS"",""CUSTOMER_ANALYTICS""]",Kavita%50526C10,2026-06-16T10:59:26.165Z
usr_eec6f15c2f5c,sunita.agarwal35@example.in,Sunita Agarwal,+919339996567,9054-7674-8148,QRYPZ6927K,"189, Brigade Road, Sector 16",Kochi,"[""ORDER_FULFILLMENT"",""MARKETING_SMS"",""CUSTOMER_ANALYTICS""]",Sunita@24896747,2026-09-07T10:59:26.165Z
usr_805b1f221877,aarav.kapoor36@example.in,Aarav Kapoor,+917418552211,8506-4864-2758,OGMPX7535M,"899, Banjara Hills, Sector 22",Kochi,"[""ORDER_FULFILLMENT"",""MARKETING_SMS"",""CUSTOMER_ANALYTICS""]",Aarav#1616A68A,2026-08-28T10:59:26.165Z
usr_9334f125e706,kavita.trivedi37@example.in,Kavita Trivedi,+918479553279,2559-1892-1006,IUDPO5842F,"478, Anna Salai, Sector 45",Chennai,"[""ORDER_FULFILLMENT"",""MARKETING_SMS"",""CUSTOMER_ANALYTICS""]",Kavita@630314BD,2026-03-23T10:59:26.165Z
usr_70f5c9fb0f8f,karan.gupta38@example.in,Karan Gupta,+919674059920,3905-3225-7425,PUEPH8357B,"911, Anna Salai, Sector 39",Bengaluru,"[""ORDER_FULFILLMENT"",""MARKETING_SMS"",""CUSTOMER_ANALYTICS""]",Karan!789578B7,2026-08-14T10:59:26.165Z
usr_d8dd5aa09705,ritu.bhattacharya39@example.in,Ritu Bhattacharya,+917445460860,8826-5155-9660,JSYPG8834W,"758, SG Highway, Sector 4",Ahmedabad,"[""ORDER_FULFILLMENT"",""MARKETING_SMS"",""CUSTOMER_ANALYTICS""]",Ritu&29326F0F,2026-08-01T10:59:26.165Z
usr_1de340cc29a3,rohan.deshmukh40@example.in,Rohan Deshmukh,+917739000349,5124-4028-6988,OFJPJ1840U,"217, SG Highway, Sector 38",Jaipur,"[""ORDER_FULFILLMENT"",""MARKETING_SMS"",""CUSTOMER_ANALYTICS""]",Rohan%4667DF53,2026-03-14T10:59:26.165Z
usr_1cd1834a227b,gaurav.kumar41@example.in,Gaurav Kumar,+918476289265,2652-3873-1907,TZAPH0018C,"440, SG Highway, Sector 13",Hyderabad,"[""ORDER_FULFILLMENT"",""MARKETING_SMS"",""CUSTOMER_ANALYTICS""]",Gaurav&3013C210,2026-03-16T10:59:26.165Z
usr_59b2e7734a04,abhishek.kumar42@example.in,Abhishek Kumar,+918188555332,9963-2215-4904,QSEPA1383X,"944, Park Street, Sector 21",Delhi NCR,"[""ORDER_FULFILLMENT"",""MARKETING_SMS"",""CUSTOMER_ANALYTICS""]",Abhishek%587111FF,2026-03-22T10:59:26.165Z
usr_d67c2db565a9,nikhil.menon43@example.in,Nikhil Menon,+919677336334,6041-3963-9865,FJNPP6901Y,"335, Connaught Place, Sector 43",Ahmedabad,"[""ORDER_FULFILLMENT"",""MARKETING_SMS"",""CUSTOMER_ANALYTICS""]",Nikhil#9520C879,2026-05-11T10:59:26.165Z
usr_14d5df1840d1,sunita.kulkarni44@example.in,Sunita Kulkarni,+917516891119,3349-5055-5187,GNIPS4259I,"537, M.G. Road, Sector 44",Chandigarh,"[""ORDER_FULFILLMENT"",""MARKETING_SMS"",""CUSTOMER_ANALYTICS""]",Sunita$44823D43,2026-07-10T10:59:26.165Z
usr_e577ae6af0b7,karan.mehta45@example.in,Karan Mehta,+919711166755,5046-7644-4840,AILPY9329C,"296, MI Road, Sector 20",Jaipur,"[""ORDER_FULFILLMENT"",""MARKETING_SMS"",""CUSTOMER_ANALYTICS""]",Karan$58937C8C,2026-04-15T10:59:26.165Z
usr_ae35e4fca433,siddharth.kulkarni46@example.in,Siddharth Kulkarni,+917230857115,3865-3242-4116,YZOPT4799D,"99, Park Street, Sector 25",Mumbai,"[""ORDER_FULFILLMENT"",""MARKETING_SMS"",""CUSTOMER_ANALYTICS""]",Siddharth@5477DEA5,2026-03-17T10:59:26.165Z
usr_3719ccabc500,anjali.verma47@example.in,Anjali Verma,+917225839104,4130-4340-8018,AFNPO9561R,"893, MI Road, Sector 7",Indore,"[""ORDER_FULFILLMENT"",""MARKETING_SMS"",""CUSTOMER_ANALYTICS""]",Anjali!17126656,2026-09-05T10:59:26.166Z
usr_9cb8b358c2e6,neha.deshmukh48@example.in,Neha Deshmukh,+918236250097,2806-6683-6003,OPYPX4206D,"523, Sector 17, Sector 34",Jaipur,"[""ORDER_FULFILLMENT"",""MARKETING_SMS"",""CUSTOMER_ANALYTICS""]",Neha!5024ACD2,2026-08-18T10:59:26.166Z
usr_a78e5d50aabc,anjali.trivedi49@example.in,Anjali Trivedi,+917658011738,5527-9876-8536,NGOPV1155Q,"913, MI Road, Sector 31",Kolkata,"[""ORDER_FULFILLMENT"",""MARKETING_SMS"",""CUSTOMER_ANALYTICS""]",Anjali!9033C38B,2026-07-17T10:59:26.166Z
usr_e53f40395054,dev.sharma50@example.in,Dev Sharma,+919574648888,3182-6517-9338,FWWPZ4962U,"735, Connaught Place, Sector 40",Pune,"[""ORDER_FULFILLMENT"",""MARKETING_SMS"",""CUSTOMER_ANALYTICS""]",Dev&5963F4A3,2026-09-02T10:59:26.166Z
usr_78499ab356c6,shweta.trivedi51@example.in,Shweta Trivedi,+918217569531,8734-8443-5725,VWUPX1608D,"527, Brigade Road, Sector 42",Mumbai,"[""ORDER_FULFILLMENT"",""MARKETING_SMS"",""CUSTOMER_ANALYTICS""]",Shweta&5134FE4B,2026-06-08T10:59:26.166Z
usr_8df371864b46,kavita.sharma52@example.in,Kavita Sharma,+918638804161,9713-1293-8297,KGEPN1871S,"371, Anna Salai, Sector 23",Jaipur,"[""ORDER_FULFILLMENT"",""MARKETING_SMS"",""CUSTOMER_ANALYTICS""]",Kavita$501455DB,2026-07-28T10:59:26.166Z
usr_1bb25c2e2ea9,dev.mukherjee53@example.in,Dev Mukherjee,+917414326815,2674-8635-4042,UYRPB9193N,"380, Sector 17, Sector 44",Pune,"[""ORDER_FULFILLMENT"",""MARKETING_SMS"",""CUSTOMER_ANALYTICS""]",Dev@887662B3,2026-04-16T10:59:26.166Z
usr_7d6f60a03c11,abhishek.reddy54@example.in,Abhishek Reddy,+917853349100,8819-7540-8854,UWFPH5436T,"333, Anna Salai, Sector 23",Pune,"[""ORDER_FULFILLMENT"",""MARKETING_SMS"",""CUSTOMER_ANALYTICS""]",Abhishek!12085555,2026-05-24T10:59:26.166Z
usr_fce5d2c018aa,deepika.nair55@example.in,Deepika Nair,+919498903696,3452-7549-5367,RNQPD6297Y,"647, Koramangala, Sector 29",Ahmedabad,"[""ORDER_FULFILLMENT"",""MARKETING_SMS"",""CUSTOMER_ANALYTICS""]",Deepika%6632ED76,2026-03-26T10:59:26.166Z
usr_b7a0874366e5,kunal.iyer56@example.in,Kunal Iyer,+918194294296,4044-9137-6301,POFPL8592X,"382, MI Road, Sector 9",Kochi,"[""ORDER_FULFILLMENT"",""MARKETING_SMS"",""CUSTOMER_ANALYTICS""]",Kunal&2268929A,2026-07-09T10:59:26.166Z
usr_e97725e452c6,amit.iyer57@example.in,Amit Iyer,+918269326836,4188-8582-4081,BDPPD2283N,"780, MI Road, Sector 37",Jaipur,"[""ORDER_FULFILLMENT"",""MARKETING_SMS"",""CUSTOMER_ANALYTICS""]",Amit%39300B05,2026-08-28T10:59:26.166Z
usr_43167172928c,siddharth.kulkarni58@example.in,Siddharth Kulkarni,+917353063717,3161-9718-2955,QCPPV8830D,"638, Koramangala, Sector 28",Chandigarh,"[""ORDER_FULFILLMENT"",""MARKETING_SMS"",""CUSTOMER_ANALYTICS""]",Siddharth#4165B3E3,2026-04-24T10:59:26.166Z
usr_40b1af4128ed,varun.bhatia59@example.in,Varun Bhatia,+918996160377,5356-9255-7427,PVPPL4107W,"539, M.G. Road, Sector 24",Jaipur,"[""ORDER_FULFILLMENT"",""MARKETING_SMS"",""CUSTOMER_ANALYTICS""]",Varun%59217E36,2026-07-09T10:59:26.166Z
usr_57b755e66847,dev.chatterjee60@example.in,Dev Chatterjee,+918501559034,3612-4479-5099,PCMPD2785U,"677, MI Road, Sector 17",Chandigarh,"[""ORDER_FULFILLMENT"",""MARKETING_SMS"",""CUSTOMER_ANALYTICS""]",Dev!55586DFA,2026-03-19T10:59:26.166Z
usr_b2d1ae0eae21,simran.bhatia61@example.in,Simran Bhatia,+917229640756,2937-4363-7135,DMAPJ0614C,"947, Sector 17, Sector 20",Hyderabad,"[""ORDER_FULFILLMENT"",""MARKETING_SMS"",""CUSTOMER_ANALYTICS""]",Simran$39102E9B,2026-06-13T10:59:26.166Z
usr_0331541adb33,ananya.joshi62@example.in,Ananya Joshi,+917845733779,3728-1282-1541,NAMPV0439E,"811, Connaught Place, Sector 34",Jaipur,"[""ORDER_FULFILLMENT"",""MARKETING_SMS"",""CUSTOMER_ANALYTICS""]",Ananya%7386CB21,2026-04-24T10:59:26.166Z
usr_af8c8cc4e335,nikhil.dubey63@example.in,Nikhil Dubey,+919903606446,8944-1195-4624,NABPQ7160C,"12, Anna Salai, Sector 43",Lucknow,"[""ORDER_FULFILLMENT"",""MARKETING_SMS"",""CUSTOMER_ANALYTICS""]",Nikhil!943644FE,2026-07-28T10:59:26.166Z
usr_4f6b595aa9c8,priya.gupta64@example.in,Priya Gupta,+919948319662,8358-2980-7259,HZFPS7766R,"600, Sector 17, Sector 17",Lucknow,"[""ORDER_FULFILLMENT"",""MARKETING_SMS"",""CUSTOMER_ANALYTICS""]",Priya@7172AE3C,2026-04-03T10:59:26.166Z
usr_1bbe34eb3815,arjun.iyer65@example.in,Arjun Iyer,+919929984629,4557-3971-7867,ABTPQ1916X,"977, Brigade Road, Sector 9",Kochi,"[""ORDER_FULFILLMENT"",""MARKETING_SMS"",""CUSTOMER_ANALYTICS""]",Arjun&6875D57F,2026-06-11T10:59:26.166Z
usr_8dbd578f624f,anjali.chauhan66@example.in,Anjali Chauhan,+919289702995,7820-9434-6310,YBQPN6379O,"663, FC Road, Sector 3",Ahmedabad,"[""ORDER_FULFILLMENT"",""MARKETING_SMS"",""CUSTOMER_ANALYTICS""]",Anjali@13931357,2026-04-22T10:59:26.166Z
usr_8b8bef51400b,divya.malhotra67@example.in,Divya Malhotra,+917639042336,4940-9887-5278,AZYPM5626S,"605, Koramangala, Sector 28",Pune,"[""ORDER_FULFILLMENT"",""MARKETING_SMS"",""CUSTOMER_ANALYTICS""]",Divya&6940CEBB,2026-07-15T10:59:26.166Z
usr_209c267b9075,gaurav.kumar68@example.in,Gaurav Kumar,+919620274851,2792-9438-5322,EQPPQ8511X,"707, FC Road, Sector 6",Kochi,"[""ORDER_FULFILLMENT"",""MARKETING_SMS"",""CUSTOMER_ANALYTICS""]",Gaurav%98857C35,2026-04-03T10:59:26.166Z
usr_1ea29810f013,rahul.bhatia69@example.in,Rahul Bhatia,+918168145291,7472-8948-7470,WQOPX8164L,"84, SG Highway, Sector 14",Kolkata,"[""ORDER_FULFILLMENT"",""MARKETING_SMS"",""CUSTOMER_ANALYTICS""]",Rahul%666579E0,2026-06-28T10:59:26.166Z
usr_86af080d5a67,nikhil.kulkarni70@example.in,Nikhil Kulkarni,+918228726703,7453-3942-6858,MHQPQ0523N,"747, M.G. Road, Sector 22",Delhi NCR,"[""ORDER_FULFILLMENT"",""MARKETING_SMS"",""CUSTOMER_ANALYTICS""]",Nikhil!4162A9E6,2026-05-02T10:59:26.166Z
usr_5b3200e6c549,kunal.agarwal71@example.in,Kunal Agarwal,+917841789912,3996-6965-6591,PKUPR3645N,"4, Sector 17, Sector 2",Ahmedabad,"[""ORDER_FULFILLMENT"",""MARKETING_SMS"",""CUSTOMER_ANALYTICS""]",Kunal#2380E1DF,2026-08-21T10:59:26.166Z
usr_d32b5fe94e7f,sneha.trivedi72@example.in,Sneha Trivedi,+917580636781,5927-9122-3765,KXAPS5593H,"167, FC Road, Sector 22",Ahmedabad,"[""ORDER_FULFILLMENT"",""MARKETING_SMS"",""CUSTOMER_ANALYTICS""]",Sneha&26636785,2026-09-04T10:59:26.166Z
usr_2e8f952d5dca,divya.menon73@example.in,Divya Menon,+917697313573,5674-1865-1879,WMAPQ7486Y,"326, Sector 17, Sector 36",Lucknow,"[""ORDER_FULFILLMENT"",""MARKETING_SMS"",""CUSTOMER_ANALYTICS""]",Divya$62086AEF,2026-07-18T10:59:26.166Z
usr_0d60e5e7cd00,anjali.bose74@example.in,Anjali Bose,+918962784065,2147-7911-2023,DLEPJ9648A,"935, Banjara Hills, Sector 38",Kolkata,"[""ORDER_FULFILLMENT"",""MARKETING_SMS"",""CUSTOMER_ANALYTICS""]",Anjali%41961417,2026-09-05T10:59:26.166Z
usr_9b181a1b8210,ritu.iyer75@example.in,Ritu Iyer,+917178821019,3797-9282-6701,YWZPP0055Y,"392, M.G. Road, Sector 39",Delhi NCR,"[""ORDER_FULFILLMENT"",""MARKETING_SMS"",""CUSTOMER_ANALYTICS""]",Ritu#686054AA,2026-06-24T10:59:26.166Z
usr_105ddc3a30a3,nikhil.kapoor76@example.in,Nikhil Kapoor,+919737963277,2857-4099-5253,IHLPC6302K,"539, Banjara Hills, Sector 10",Indore,"[""ORDER_FULFILLMENT"",""MARKETING_SMS"",""CUSTOMER_ANALYTICS""]",Nikhil@1408820A,2026-05-23T10:59:26.166Z
usr_e3f54b77376a,meera.kulkarni77@example.in,Meera Kulkarni,+917467516898,7943-5147-8855,TERPC3401L,"336, Banjara Hills, Sector 26",Hyderabad,"[""ORDER_FULFILLMENT"",""MARKETING_SMS"",""CUSTOMER_ANALYTICS""]",Meera@8904801D,2026-03-28T10:59:26.166Z
usr_297f0b3724b1,sanjay.agarwal78@example.in,Sanjay Agarwal,+919428703438,7790-6456-9353,HLDPE1201H,"654, SG Highway, Sector 17",Mumbai,"[""ORDER_FULFILLMENT"",""MARKETING_SMS"",""CUSTOMER_ANALYTICS""]",Sanjay&77923405,2026-05-11T10:59:26.166Z
usr_acb6b06b255f,aarav.joshi79@example.in,Aarav Joshi,+919284198550,7785-8224-5128,WGDPK0582J,"824, SG Highway, Sector 23",Chandigarh,"[""ORDER_FULFILLMENT"",""MARKETING_SMS"",""CUSTOMER_ANALYTICS""]",Aarav&6636CB4B,2026-08-14T10:59:26.166Z
usr_806389048f35,manish.mishra80@example.in,Manish Mishra,+919937593555,2082-9979-4648,XXYPP0412E,"353, Park Street, Sector 17",Indore,"[""ORDER_FULFILLMENT"",""MARKETING_SMS"",""CUSTOMER_ANALYTICS""]",Manish@8128CDD1,2026-05-15T10:59:26.166Z
usr_dcc8349df29c,shweta.deshmukh81@example.in,Shweta Deshmukh,+917239239846,6321-6117-1298,QKMPM6801C,"868, MI Road, Sector 12",Indore,"[""ORDER_FULFILLMENT"",""MARKETING_SMS"",""CUSTOMER_ANALYTICS""]",Shweta$21032035,2026-04-24T10:59:26.166Z
usr_0a74db18f258,tanvi.malhotra82@example.in,Tanvi Malhotra,+918939805621,6798-5553-4383,MTRPI6274S,"382, Park Street, Sector 39",Mumbai,"[""ORDER_FULFILLMENT"",""MARKETING_SMS"",""CUSTOMER_ANALYTICS""]",Tanvi&40736398,2026-05-26T10:59:26.166Z
usr_908548fbc76d,ritika.kumar83@example.in,Ritika Kumar,+918167138509,7756-4138-4293,TYJPM8049N,"365, SG Highway, Sector 24",Chandigarh,"[""ORDER_FULFILLMENT"",""MARKETING_SMS"",""CUSTOMER_ANALYTICS""]",Ritika$1646EB03,2026-08-23T10:59:26.166Z
usr_c9a6108ded2f,rohan.sharma84@example.in,Rohan Sharma,+918661754764,3969-1580-7970,JDRPK2667D,"457, M.G. Road, Sector 34",Indore,"[""ORDER_FULFILLMENT"",""MARKETING_SMS"",""CUSTOMER_ANALYTICS""]",Rohan$29712EE8,2026-05-18T10:59:26.166Z
usr_6d918fc69536,dev.patel85@example.in,Dev Patel,+919596403209,6997-4120-6840,NEKPZ8689G,"680, Sector 17, Sector 11",Delhi NCR,"[""ORDER_FULFILLMENT"",""MARKETING_SMS"",""CUSTOMER_ANALYTICS""]",Dev$593691F7,2026-07-30T10:59:26.166Z
usr_69c573921d1a,karan.joshi86@example.in,Karan Joshi,+919903859777,8911-7180-2877,QXJPK4028H,"270, Koramangala, Sector 39",Chennai,"[""ORDER_FULFILLMENT"",""MARKETING_SMS"",""CUSTOMER_ANALYTICS""]",Karan!695830BE,2026-04-03T10:59:26.166Z
usr_820e76299cde,manish.pandey87@example.in,Manish Pandey,+917514478179,3603-3972-8576,XFFPR5136Q,"62, Connaught Place, Sector 3",Ahmedabad,"[""ORDER_FULFILLMENT"",""MARKETING_SMS"",""CUSTOMER_ANALYTICS""]",Manish@8516EFE9,2026-05-19T10:59:26.166Z
usr_5035cfa5d7c6,tanvi.mishra88@example.in,Tanvi Mishra,+918562582007,2247-6301-5795,ZLIPV2394Q,"231, Anna Salai, Sector 40",Jaipur,"[""ORDER_FULFILLMENT"",""MARKETING_SMS"",""CUSTOMER_ANALYTICS""]",Tanvi$87641C18,2026-03-18T10:59:26.166Z
usr_8b64d8af4313,deepika.singh89@example.in,Deepika Singh,+917141483838,7237-6744-2729,PLUPF2037B,"232, Brigade Road, Sector 4",Indore,"[""ORDER_FULFILLMENT"",""MARKETING_SMS"",""CUSTOMER_ANALYTICS""]",Deepika!3765D774,2026-08-31T10:59:26.166Z
usr_5a5a547ff8b2,aditya.kumar90@example.in,Aditya Kumar,+919570241070,3539-7705-6480,SKPPO2532F,"788, Indiranagar, Sector 27",Delhi NCR,"[""ORDER_FULFILLMENT"",""MARKETING_SMS"",""CUSTOMER_ANALYTICS""]",Aditya!9866E07E,2026-04-12T10:59:26.166Z
usr_fbbb4ef821ca,rahul.kapoor91@example.in,Rahul Kapoor,+917423394008,3211-2444-2777,PEFPE8074N,"689, Park Street, Sector 40",Delhi NCR,"[""ORDER_FULFILLMENT"",""MARKETING_SMS"",""CUSTOMER_ANALYTICS""]",Rahul&8679DFA3,2026-06-20T10:59:26.166Z
usr_65d7d1443e09,ananya.sharma92@example.in,Ananya Sharma,+917368848567,5987-6774-9263,FKEPU2662B,"401, Brigade Road, Sector 34",Delhi NCR,"[""ORDER_FULFILLMENT"",""MARKETING_SMS"",""CUSTOMER_ANALYTICS""]",Ananya#4073D4CF,2026-04-25T10:59:26.166Z
usr_62d89e5c2d1d,priya.menon93@example.in,Priya Menon,+919994660850,9848-4637-2883,RZKPR7137A,"915, Indiranagar, Sector 37",Kochi,"[""ORDER_FULFILLMENT"",""MARKETING_SMS"",""CUSTOMER_ANALYTICS""]",Priya%1608E597,2026-08-03T10:59:26.166Z
usr_1fc3be8058b4,kavita.singh94@example.in,Kavita Singh,+919193178149,8766-3487-9842,FDEPM2269O,"733, FC Road, Sector 1",Ahmedabad,"[""ORDER_FULFILLMENT"",""MARKETING_SMS"",""CUSTOMER_ANALYTICS""]",Kavita&91464C3B,2026-09-03T10:59:26.166Z
usr_0e2e3cbe5bd7,bhavna.chauhan95@example.in,Bhavna Chauhan,+919340817997,3949-8789-9630,VJPPX5680G,"233, Sector 17, Sector 20",Indore,"[""ORDER_FULFILLMENT"",""MARKETING_SMS"",""CUSTOMER_ANALYTICS""]",Bhavna%41707A73,2026-04-17T10:59:26.166Z
usr_0eca9a6899d4,ritu.rao96@example.in,Ritu Rao,+918807823013,2465-9055-8006,AHPPA4021B,"885, M.G. Road, Sector 43",Lucknow,"[""ORDER_FULFILLMENT"",""MARKETING_SMS"",""CUSTOMER_ANALYTICS""]",Ritu@24260CCD,2026-07-19T10:59:26.166Z
usr_ae58415b5625,simran.pandey97@example.in,Simran Pandey,+919845857075,6795-6345-2321,JLPPQ7875B,"756, SG Highway, Sector 4",Kolkata,"[""ORDER_FULFILLMENT"",""MARKETING_SMS"",""CUSTOMER_ANALYTICS""]",Simran@1340F73B,2026-06-01T10:59:26.166Z
usr_e3889d402574,amit.pillai98@example.in,Amit Pillai,+918474868288,4371-4400-7745,PNHPK5072F,"385, Connaught Place, Sector 13",Pune,"[""ORDER_FULFILLMENT"",""MARKETING_SMS"",""CUSTOMER_ANALYTICS""]",Amit#937869AB,2026-06-09T10:59:26.166Z
usr_fabc3d671439,pooja.bose99@example.in,Pooja Bose,+919972303402,8757-3374-4811,KTQPD0147D,"415, FC Road, Sector 12",Delhi NCR,"[""ORDER_FULFILLMENT"",""MARKETING_SMS"",""CUSTOMER_ANALYTICS""]",Pooja&2721C388,2026-06-06T10:59:26.166Z
usr_6fabafcc1037,tanvi.menon100@example.in,Tanvi Menon,+919580875119,2889-9069-5417,YAGPD8675D,"775, Koramangala, Sector 8",Chennai,"[""ORDER_FULFILLMENT"",""MARKETING_SMS"",""CUSTOMER_ANALYTICS""]",Tanvi@32762917,2026-05-18T10:59:26.166Z
usr_1ed17be84eaa,varun.mishra101@example.in,Varun Mishra,+917749626644,8377-7978-2092,HOWPK9395T,"862, Connaught Place, Sector 15",Kolkata,"[""ORDER_FULFILLMENT"",""MARKETING_SMS"",""CUSTOMER_ANALYTICS""]",Varun$6148287D,2026-06-25T10:59:26.166Z
usr_df11eec5747f,ritu.kumar102@example.in,Ritu Kumar,+918315142395,7271-6921-3046,ZCTPN6631M,"338, Banjara Hills, Sector 11",Lucknow,"[""ORDER_FULFILLMENT"",""MARKETING_SMS"",""CUSTOMER_ANALYTICS""]",Ritu!63422A31,2026-06-06T10:59:26.166Z
usr_9954aba32d77,sunita.patel103@example.in,Sunita Patel,+919557381159,4509-3989-1833,FVSPU0968H,"955, Brigade Road, Sector 24",Hyderabad,"[""ORDER_FULFILLMENT"",""MARKETING_SMS"",""CUSTOMER_ANALYTICS""]",Sunita&2578E4BC,2026-06-03T10:59:26.166Z
usr_d505102da4fa,rahul.gupta104@example.in,Rahul Gupta,+919891886164,9394-1117-5218,ADWPW0245F,"21, Sector 17, Sector 44",Kochi,"[""ORDER_FULFILLMENT"",""MARKETING_SMS"",""CUSTOMER_ANALYTICS""]",Rahul%8518C727,2026-03-14T10:59:26.166Z
usr_6e28aa5c90ff,arjun.patel105@example.in,Arjun Patel,+919606574029,9282-2699-2874,VUDPY9016J,"543, Park Street, Sector 43",Bengaluru,"[""ORDER_FULFILLMENT"",""MARKETING_SMS"",""CUSTOMER_ANALYTICS""]",Arjun!5726382B,2026-08-22T10:59:26.166Z
usr_45ddb573bb5c,meera.chauhan106@example.in,Meera Chauhan,+918415658436,7647-3225-5185,HFBPL1504L,"637, Indiranagar, Sector 44",Ahmedabad,"[""ORDER_FULFILLMENT"",""MARKETING_SMS"",""CUSTOMER_ANALYTICS""]",Meera#5581387D,2026-08-09T10:59:26.166Z
usr_d5b92699e291,meera.saxena107@example.in,Meera Saxena,+918116899178,2273-3065-1061,PWRPT1824J,"792, M.G. Road, Sector 25",Mumbai,"[""ORDER_FULFILLMENT"",""MARKETING_SMS"",""CUSTOMER_ANALYTICS""]",Meera$2897588C,2026-09-01T10:59:26.166Z
usr_352a96d004a3,simran.bose108@example.in,Simran Bose,+917950763665,2857-2916-8229,CFUPB8878R,"677, FC Road, Sector 30",Indore,"[""ORDER_FULFILLMENT"",""MARKETING_SMS"",""CUSTOMER_ANALYTICS""]",Simran!7684B26C,2026-07-22T10:59:26.166Z
usr_f4e4419a7074,aditya.kumar109@example.in,Aditya Kumar,+919391934276,8951-8383-8818,YJXPZ1012F,"299, Park Street, Sector 39",Pune,"[""ORDER_FULFILLMENT"",""MARKETING_SMS"",""CUSTOMER_ANALYTICS""]",Aditya%66809E15,2026-07-01T10:59:26.166Z
usr_5d6ee97a63ad,arjun.mukherjee110@example.in,Arjun Mukherjee,+917488671314,2151-9234-2071,TOQPT6848G,"950, Sector 17, Sector 30",Indore,"[""ORDER_FULFILLMENT"",""MARKETING_SMS"",""CUSTOMER_ANALYTICS""]",Arjun#27562915,2026-07-24T10:59:26.166Z
usr_45c617071a4a,kunal.mehta111@example.in,Kunal Mehta,+918275979706,7393-1407-4858,PCXPC4894L,"550, Connaught Place, Sector 2",Kochi,"[""ORDER_FULFILLMENT"",""MARKETING_SMS"",""CUSTOMER_ANALYTICS""]",Kunal!572748BB,2026-05-03T10:59:26.166Z
usr_d2d3ff99a47a,isha.agarwal112@example.in,Isha Agarwal,+918226631145,3338-5503-8033,KSZPZ5961N,"638, SG Highway, Sector 15",Delhi NCR,"[""ORDER_FULFILLMENT"",""MARKETING_SMS"",""CUSTOMER_ANALYTICS""]",Isha%1521095C,2026-09-07T10:59:26.166Z
usr_0f2d8300d1c6,abhishek.mehta113@example.in,Abhishek Mehta,+919481354003,7702-7870-9774,XWNPG6013A,"222, Park Street, Sector 31",Jaipur,"[""ORDER_FULFILLMENT"",""MARKETING_SMS"",""CUSTOMER_ANALYTICS""]",Abhishek%62865065,2026-04-19T10:59:26.166Z
usr_715c884a20dd,pallavi.chauhan114@example.in,Pallavi Chauhan,+917653134288,5944-4096-6989,DFVPE1633G,"520, Banjara Hills, Sector 41",Mumbai,"[""ORDER_FULFILLMENT"",""MARKETING_SMS"",""CUSTOMER_ANALYTICS""]",Pallavi#2899CBFC,2026-03-12T10:59:26.166Z
usr_8be60eaf69a5,varun.iyer115@example.in,Varun Iyer,+917236576495,7274-9122-1471,EMVPL6725D,"962, Connaught Place, Sector 45",Kochi,"[""ORDER_FULFILLMENT"",""MARKETING_SMS"",""CUSTOMER_ANALYTICS""]",Varun@37573EE9,2026-08-05T10:59:26.166Z
usr_66c55c3ece30,isha.gupta116@example.in,Isha Gupta,+917375956751,7161-5566-2632,ALZPQ4764L,"361, Sector 17, Sector 24",Bengaluru,"[""ORDER_FULFILLMENT"",""MARKETING_SMS"",""CUSTOMER_ANALYTICS""]",Isha%1528E589,2026-05-28T10:59:26.166Z
usr_fd3f27b7e7ee,pallavi.rao117@example.in,Pallavi Rao,+917892499103,4240-1013-7512,NOSPU3133G,"665, Brigade Road, Sector 35",Pune,"[""ORDER_FULFILLMENT"",""MARKETING_SMS"",""CUSTOMER_ANALYTICS""]",Pallavi%44112128,2026-08-21T10:59:26.166Z
usr_a55b5e32067c,aarav.patel118@example.in,Aarav Patel,+918184979388,4930-8713-8129,NMYPE0388T,"45, FC Road, Sector 19",Pune,"[""ORDER_FULFILLMENT"",""MARKETING_SMS"",""CUSTOMER_ANALYTICS""]",Aarav%6986F447,2026-06-07T10:59:26.166Z
usr_de4c84fcf3ea,priya.pillai119@example.in,Priya Pillai,+919195399116,7841-5512-6546,VKGPZ3843J,"328, Banjara Hills, Sector 20",Lucknow,"[""ORDER_FULFILLMENT"",""MARKETING_SMS"",""CUSTOMER_ANALYTICS""]",Priya%2466DFC1,2026-08-18T10:59:26.166Z
usr_c11de8c69706,anjali.menon120@example.in,Anjali Menon,+919502483179,2711-4831-4922,WSBPU4062U,"905, Banjara Hills, Sector 8",Lucknow,"[""ORDER_FULFILLMENT"",""MARKETING_SMS"",""CUSTOMER_ANALYTICS""]",Anjali%54917C91,2026-04-28T10:59:26.166Z
usr_a4e50331e5e0,aarav.mukherjee121@example.in,Aarav Mukherjee,+919872894755,8518-3493-1008,BVYPA9689L,"517, Brigade Road, Sector 39",Indore,"[""ORDER_FULFILLMENT"",""MARKETING_SMS"",""CUSTOMER_ANALYTICS""]",Aarav#590555AF,2026-05-25T10:59:26.166Z
usr_9297d53ca87a,tanvi.bhatia122@example.in,Tanvi Bhatia,+917182854757,5604-6913-8174,RMKPH9176H,"151, Koramangala, Sector 21",Hyderabad,"[""ORDER_FULFILLMENT"",""MARKETING_SMS"",""CUSTOMER_ANALYTICS""]",Tanvi%99299B2F,2026-03-11T10:59:26.166Z
usr_aefd7afd23fb,anjali.rao123@example.in,Anjali Rao,+919697312569,3189-6402-6955,DHSPR1432B,"92, Koramangala, Sector 39",Chandigarh,"[""ORDER_FULFILLMENT"",""MARKETING_SMS"",""CUSTOMER_ANALYTICS""]",Anjali@9267B51B,2026-06-24T10:59:26.166Z
usr_920b4b559d83,abhishek.dubey124@example.in,Abhishek Dubey,+918336830389,2783-1254-9924,HCRPP3015E,"114, MI Road, Sector 40",Delhi NCR,"[""ORDER_FULFILLMENT"",""MARKETING_SMS"",""CUSTOMER_ANALYTICS""]",Abhishek$1762244C,2026-06-06T10:59:26.166Z
usr_b60fdb2576ee,ritu.kumar125@example.in,Ritu Kumar,+919157748772,9051-8672-6910,JLIPT0184N,"520, Indiranagar, Sector 34",Hyderabad,"[""ORDER_FULFILLMENT"",""MARKETING_SMS"",""CUSTOMER_ANALYTICS""]",Ritu%3006FBEC,2026-05-17T10:59:26.166Z
usr_1d05d98ed3bc,divya.bose126@example.in,Divya Bose,+917375852296,4716-1969-6561,KVKPU4641A,"930, Connaught Place, Sector 35",Kochi,"[""ORDER_FULFILLMENT"",""MARKETING_SMS"",""CUSTOMER_ANALYTICS""]",Divya!8312C2D1,2026-07-25T10:59:26.166Z
usr_23385b94a56e,amit.nair127@example.in,Amit Nair,+917134976913,5655-9529-6972,EKJPU2099F,"912, Park Street, Sector 15",Ahmedabad,"[""ORDER_FULFILLMENT"",""MARKETING_SMS"",""CUSTOMER_ANALYTICS""]",Amit#32217877,2026-03-25T10:59:26.166Z
usr_9783cd6ea65c,aarav.rao128@example.in,Aarav Rao,+919350116560,6744-7650-6042,KWUPD5839A,"228, Koramangala, Sector 38",Kochi,"[""ORDER_FULFILLMENT"",""MARKETING_SMS"",""CUSTOMER_ANALYTICS""]",Aarav&6090D081,2026-04-05T10:59:26.166Z
usr_327ec85096d4,ananya.mukherjee129@example.in,Ananya Mukherjee,+917528791562,2615-4244-4664,ROLPN2555Q,"764, Park Street, Sector 25",Bengaluru,"[""ORDER_FULFILLMENT"",""MARKETING_SMS"",""CUSTOMER_ANALYTICS""]",Ananya@992679D3,2026-08-10T10:59:26.166Z
usr_5ee007c9bcec,amit.joshi130@example.in,Amit Joshi,+919467668509,2538-4388-4030,GOGPX6475P,"387, Indiranagar, Sector 35",Jaipur,"[""ORDER_FULFILLMENT"",""MARKETING_SMS"",""CUSTOMER_ANALYTICS""]",Amit%20709338,2026-06-21T10:59:26.166Z
usr_e44255a5a386,kavita.malhotra131@example.in,Kavita Malhotra,+919412603180,3477-1967-8881,MNJPD3996O,"921, Banjara Hills, Sector 26",Lucknow,"[""ORDER_FULFILLMENT"",""MARKETING_SMS"",""CUSTOMER_ANALYTICS""]",Kavita$1075D7ED,2026-03-27T10:59:26.166Z
usr_0ca6a0405a29,arjun.kulkarni132@example.in,Arjun Kulkarni,+918316676805,2460-2155-3027,FXBPM7477T,"164, Brigade Road, Sector 42",Hyderabad,"[""ORDER_FULFILLMENT"",""MARKETING_SMS"",""CUSTOMER_ANALYTICS""]",Arjun$4746CB0D,2026-05-09T10:59:26.166Z
usr_e01a2d47ac06,alok.rao133@example.in,Alok Rao,+919617775506,4868-9584-3139,BKMPR0833Z,"93, Banjara Hills, Sector 3",Indore,"[""ORDER_FULFILLMENT"",""MARKETING_SMS"",""CUSTOMER_ANALYTICS""]",Alok&1577040E,2026-08-17T10:59:26.166Z
usr_7d3605b670b8,sunita.pillai134@example.in,Sunita Pillai,+918326139355,7709-5640-3060,TEZPW6830V,"427, Koramangala, Sector 42",Chandigarh,"[""ORDER_FULFILLMENT"",""MARKETING_SMS"",""CUSTOMER_ANALYTICS""]",Sunita#93373B10,2026-03-22T10:59:26.166Z
usr_b33aa37f19f1,sanjay.reddy135@example.in,Sanjay Reddy,+919645995339,4051-7326-1814,VSJPS8573K,"276, Sector 17, Sector 29",Indore,"[""ORDER_FULFILLMENT"",""MARKETING_SMS"",""CUSTOMER_ANALYTICS""]",Sanjay&15794177,2026-03-21T10:59:26.166Z
usr_0e2a8a20ba9f,rajesh.sharma136@example.in,Rajesh Sharma,+919849617880,3482-6705-7536,LEIPF9207L,"11, Park Street, Sector 17",Pune,"[""ORDER_FULFILLMENT"",""MARKETING_SMS"",""CUSTOMER_ANALYTICS""]",Rajesh&7660F4FC,2026-08-22T10:59:26.166Z
usr_b8ebba32b6e3,rahul.saxena137@example.in,Rahul Saxena,+919982864001,5763-1839-1019,DYEPN4065A,"851, Sector 17, Sector 1",Lucknow,"[""ORDER_FULFILLMENT"",""MARKETING_SMS"",""CUSTOMER_ANALYTICS""]",Rahul@3498756C,2026-03-24T10:59:26.166Z
usr_1a05b456d680,pooja.saxena138@example.in,Pooja Saxena,+918978837397,2304-4160-8787,MXHPJ2796F,"790, Anna Salai, Sector 4",Chandigarh,"[""ORDER_FULFILLMENT"",""MARKETING_SMS"",""CUSTOMER_ANALYTICS""]",Pooja%6563B442,2026-06-11T10:59:26.166Z
usr_791eccb4b896,arjun.mishra139@example.in,Arjun Mishra,+918601895573,8675-3593-1148,ENOPQ3150H,"994, Park Street, Sector 23",Delhi NCR,"[""ORDER_FULFILLMENT"",""MARKETING_SMS"",""CUSTOMER_ANALYTICS""]",Arjun#174092F2,2026-03-20T10:59:26.166Z
usr_503d007b51e2,rohan.deshmukh140@example.in,Rohan Deshmukh,+919730567870,9306-9382-5141,BRLPP1626Q,"800, SG Highway, Sector 17",Chandigarh,"[""ORDER_FULFILLMENT"",""MARKETING_SMS"",""CUSTOMER_ANALYTICS""]",Rohan%2057638A,2026-05-23T10:59:26.166Z
usr_bab2dbed179c,anjali.deshmukh141@example.in,Anjali Deshmukh,+919890736077,6244-4180-7943,TKDPB0013Q,"490, Connaught Place, Sector 22",Chandigarh,"[""ORDER_FULFILLMENT"",""MARKETING_SMS"",""CUSTOMER_ANALYTICS""]",Anjali@9185DF33,2026-06-13T10:59:26.166Z
usr_ba19ad5004fd,sanjay.dubey142@example.in,Sanjay Dubey,+918703955916,8344-1707-8559,IWHPO9719I,"482, Koramangala, Sector 17",Bengaluru,"[""ORDER_FULFILLMENT"",""MARKETING_SMS"",""CUSTOMER_ANALYTICS""]",Sanjay#8215A563,2026-03-25T10:59:26.166Z
usr_26625c73a8fe,pallavi.reddy143@example.in,Pallavi Reddy,+917954508121,2447-8822-4007,JBVPJ6598H,"381, Sector 17, Sector 5",Lucknow,"[""ORDER_FULFILLMENT"",""MARKETING_SMS"",""CUSTOMER_ANALYTICS""]",Pallavi!9303C7B8,2026-05-08T10:59:26.166Z
usr_4636b8912e71,anjali.saxena144@example.in,Anjali Saxena,+919418207428,3175-9485-9244,VSJPM8555F,"935, Sector 17, Sector 19",Jaipur,"[""ORDER_FULFILLMENT"",""MARKETING_SMS"",""CUSTOMER_ANALYTICS""]",Anjali@5912E8BB,2026-08-27T10:59:26.166Z
usr_cdc05fecf6ec,meera.bose145@example.in,Meera Bose,+917131147158,6170-3499-7388,OOXPV6038Y,"334, Banjara Hills, Sector 9",Bengaluru,"[""ORDER_FULFILLMENT"",""MARKETING_SMS"",""CUSTOMER_ANALYTICS""]",Meera@8848A11D,2026-08-03T10:59:26.166Z
usr_b9fc13b449f1,dev.menon146@example.in,Dev Menon,+918631698515,5096-5034-6396,NRSPV0921F,"134, Sector 17, Sector 9",Chennai,"[""ORDER_FULFILLMENT"",""MARKETING_SMS"",""CUSTOMER_ANALYTICS""]",Dev!3679E838,2026-08-25T10:59:26.166Z
usr_97d374595253,alok.joshi147@example.in,Alok Joshi,+917796009097,3261-7484-3810,IPDPW6316O,"124, Koramangala, Sector 14",Lucknow,"[""ORDER_FULFILLMENT"",""MARKETING_SMS"",""CUSTOMER_ANALYTICS""]",Alok&324970B4,2026-04-16T10:59:26.166Z
usr_91f0b16cef03,rahul.iyer148@example.in,Rahul Iyer,+919181486744,9275-2317-4494,LAGPO7031E,"728, MI Road, Sector 4",Chandigarh,"[""ORDER_FULFILLMENT"",""MARKETING_SMS"",""CUSTOMER_ANALYTICS""]",Rahul%34122FBD,2026-06-15T10:59:26.166Z
usr_9c50eac869a1,swati.verma149@example.in,Swati Verma,+918516246457,3156-1817-4450,IJNPF3132V,"849, Sector 17, Sector 26",Hyderabad,"[""ORDER_FULFILLMENT"",""MARKETING_SMS"",""CUSTOMER_ANALYTICS""]",Swati$24895B1E,2026-04-15T10:59:26.166Z
usr_b0d03a071fec,vikram.kapoor150@example.in,Vikram Kapoor,+919300443773,9664-5640-2982,SRCPE3411A,"700, Park Street, Sector 40",Ahmedabad,"[""ORDER_FULFILLMENT"",""MARKETING_SMS"",""CUSTOMER_ANALYTICS""]",Vikram&1128DAE1,2026-07-21T10:59:26.166Z
usr_ea4ec1da5ffe,pooja.saxena151@example.in,Pooja Saxena,+919777151082,5300-8093-3089,OLZPK5156Z,"710, FC Road, Sector 26",Chandigarh,"[""ORDER_FULFILLMENT"",""MARKETING_SMS"",""CUSTOMER_ANALYTICS""]",Pooja!9794326A,2026-05-06T10:59:26.166Z
usr_86dd15d10a7b,rajesh.iyer152@example.in,Rajesh Iyer,+919378284408,8187-3597-5617,QDZPQ9995N,"376, Sector 17, Sector 8",Lucknow,"[""ORDER_FULFILLMENT"",""MARKETING_SMS"",""CUSTOMER_ANALYTICS""]",Rajesh&72251DF1,2026-07-30T10:59:26.166Z
usr_8f32f2fff4f4,harsh.patel153@example.in,Harsh Patel,+918792174040,7911-9002-5557,LXDPW5547D,"273, SG Highway, Sector 30",Chandigarh,"[""ORDER_FULFILLMENT"",""MARKETING_SMS"",""CUSTOMER_ANALYTICS""]",Harsh!5487AAE4,2026-08-24T10:59:26.166Z
usr_697596b4af26,nikhil.mukherjee154@example.in,Nikhil Mukherjee,+918197448220,5655-2089-6964,LWEPK8136T,"463, Indiranagar, Sector 1",Kochi,"[""ORDER_FULFILLMENT"",""MARKETING_SMS"",""CUSTOMER_ANALYTICS""]",Nikhil%3722509D,2026-08-09T10:59:26.166Z
usr_6be5e8a07a0d,ananya.menon155@example.in,Ananya Menon,+917666787157,6501-6106-4006,BYRPH6464Q,"29, Indiranagar, Sector 27",Delhi NCR,"[""ORDER_FULFILLMENT"",""MARKETING_SMS"",""CUSTOMER_ANALYTICS""]",Ananya%3897598C,2026-08-18T10:59:26.166Z
usr_5eaf19da2840,pallavi.menon156@example.in,Pallavi Menon,+917547419558,4246-7117-8036,YKNPO4560L,"749, Sector 17, Sector 9",Kolkata,"[""ORDER_FULFILLMENT"",""MARKETING_SMS"",""CUSTOMER_ANALYTICS""]",Pallavi$6284B404,2026-04-09T10:59:26.166Z
usr_4f36e01adfca,kavita.pandey157@example.in,Kavita Pandey,+919168581344,5877-1270-9361,XEQPF4572A,"660, Koramangala, Sector 11",Lucknow,"[""ORDER_FULFILLMENT"",""MARKETING_SMS"",""CUSTOMER_ANALYTICS""]",Kavita&388851D3,2026-05-11T10:59:26.166Z
usr_ecee40470002,deepika.kulkarni158@example.in,Deepika Kulkarni,+919850144509,2847-3607-8851,VSYPW0975H,"549, Connaught Place, Sector 4",Mumbai,"[""ORDER_FULFILLMENT"",""MARKETING_SMS"",""CUSTOMER_ANALYTICS""]",Deepika@9069739E,2026-08-16T10:59:26.166Z
usr_18511f5e49c7,deepika.chatterjee159@example.in,Deepika Chatterjee,+918327823220,3264-2411-9652,ZZAPK4924I,"339, Park Street, Sector 14",Ahmedabad,"[""ORDER_FULFILLMENT"",""MARKETING_SMS"",""CUSTOMER_ANALYTICS""]",Deepika$43413C3A,2026-06-30T10:59:26.166Z
usr_f8f0d0131297,ananya.nair160@example.in,Ananya Nair,+917721561555,8634-9305-4154,BRMPR3478P,"694, SG Highway, Sector 38",Jaipur,"[""ORDER_FULFILLMENT"",""MARKETING_SMS"",""CUSTOMER_ANALYTICS""]",Ananya%14941A8F,2026-06-01T10:59:26.166Z
usr_fc73c9dbc5cd,isha.sharma161@example.in,Isha Sharma,+919205587839,3452-4093-3505,YPHPJ7584A,"982, Anna Salai, Sector 12",Indore,"[""ORDER_FULFILLMENT"",""MARKETING_SMS"",""CUSTOMER_ANALYTICS""]",Isha@283744C6,2026-06-18T10:59:26.167Z
usr_6bbf151cc11c,rohan.bhatia162@example.in,Rohan Bhatia,+919955860760,3046-5885-8930,GFGPR4836V,"898, SG Highway, Sector 29",Hyderabad,"[""ORDER_FULFILLMENT"",""MARKETING_SMS"",""CUSTOMER_ANALYTICS""]",Rohan%8314583D,2026-07-19T10:59:26.167Z
usr_550f873b17c3,rohan.dubey163@example.in,Rohan Dubey,+917543627701,2388-5553-4925,GUYPY4750T,"717, Connaught Place, Sector 8",Indore,"[""ORDER_FULFILLMENT"",""MARKETING_SMS"",""CUSTOMER_ANALYTICS""]",Rohan#60352400,2026-07-08T10:59:26.167Z
usr_41adfa5f8b7a,aarav.malhotra164@example.in,Aarav Malhotra,+917624589415,3003-7612-4177,TLNPV6879J,"776, Indiranagar, Sector 3",Lucknow,"[""ORDER_FULFILLMENT"",""MARKETING_SMS"",""CUSTOMER_ANALYTICS""]",Aarav#38827910,2026-07-24T10:59:26.167Z
usr_0d936f6e6077,sanjay.gupta165@example.in,Sanjay Gupta,+917499759994,4848-6127-5382,MBIPP5183Y,"667, Banjara Hills, Sector 16",Mumbai,"[""ORDER_FULFILLMENT"",""MARKETING_SMS"",""CUSTOMER_ANALYTICS""]",Sanjay!1025E6F6,2026-03-23T10:59:26.167Z
usr_f28c4aab926c,meera.iyer166@example.in,Meera Iyer,+919418287529,7322-7557-6469,MERPI2585W,"871, Koramangala, Sector 37",Jaipur,"[""ORDER_FULFILLMENT"",""MARKETING_SMS"",""CUSTOMER_ANALYTICS""]",Meera%1328CC91,2026-04-26T10:59:26.167Z
usr_7f0b231714bc,anjali.rao167@example.in,Anjali Rao,+917659459169,4737-9737-7040,XIJPC8791M,"972, Banjara Hills, Sector 39",Indore,"[""ORDER_FULFILLMENT"",""MARKETING_SMS"",""CUSTOMER_ANALYTICS""]",Anjali#611890E6,2026-06-23T10:59:26.167Z
usr_56574e58f649,kavita.joshi168@example.in,Kavita Joshi,+919202553998,7368-6665-7372,REVPP8471V,"125, FC Road, Sector 4",Chennai,"[""ORDER_FULFILLMENT"",""MARKETING_SMS"",""CUSTOMER_ANALYTICS""]",Kavita&5089701E,2026-03-27T10:59:26.167Z
usr_704335e28670,dev.reddy169@example.in,Dev Reddy,+917743490321,8750-1602-6730,GQZPU1566G,"696, Sector 17, Sector 5",Kochi,"[""ORDER_FULFILLMENT"",""MARKETING_SMS"",""CUSTOMER_ANALYTICS""]",Dev$60523FF6,2026-08-04T10:59:26.167Z
usr_de0514ca0bdd,kavita.deshmukh170@example.in,Kavita Deshmukh,+917376147505,3036-7295-1648,UHXPK1933C,"202, Koramangala, Sector 19",Jaipur,"[""ORDER_FULFILLMENT"",""MARKETING_SMS"",""CUSTOMER_ANALYTICS""]",Kavita%4744C884,2026-05-12T10:59:26.167Z
usr_56ff3d5cc9df,simran.dubey171@example.in,Simran Dubey,+917659728365,8700-1939-5457,FROPW6346J,"486, FC Road, Sector 26",Jaipur,"[""ORDER_FULFILLMENT"",""MARKETING_SMS"",""CUSTOMER_ANALYTICS""]",Simran@7923FE93,2026-08-01T10:59:26.167Z
usr_97415ecdf493,bhavna.joshi172@example.in,Bhavna Joshi,+919604802610,3933-2692-4704,WSOPE3921F,"116, Anna Salai, Sector 6",Ahmedabad,"[""ORDER_FULFILLMENT"",""MARKETING_SMS"",""CUSTOMER_ANALYTICS""]",Bhavna&4790C14A,2026-03-20T10:59:26.167Z
usr_03f6b994b280,ananya.deshmukh173@example.in,Ananya Deshmukh,+919209070392,3692-9323-6971,BZIPK2788Z,"533, Koramangala, Sector 38",Chennai,"[""ORDER_FULFILLMENT"",""MARKETING_SMS"",""CUSTOMER_ANALYTICS""]",Ananya@76260849,2026-03-29T10:59:26.167Z
usr_aed70e748dd1,nikhil.bhatia174@example.in,Nikhil Bhatia,+918637363142,2467-6625-5552,BXTPT0269W,"913, FC Road, Sector 34",Jaipur,"[""ORDER_FULFILLMENT"",""MARKETING_SMS"",""CUSTOMER_ANALYTICS""]",Nikhil&52525117,2026-03-14T10:59:26.167Z
usr_ca8616e76d25,anjali.verma175@example.in,Anjali Verma,+919502083508,2977-3781-8230,GOHPQ4252E,"511, Connaught Place, Sector 39",Delhi NCR,"[""ORDER_FULFILLMENT"",""MARKETING_SMS"",""CUSTOMER_ANALYTICS""]",Anjali$9766BC7B,2026-06-16T10:59:26.167Z
usr_6e799f60969b,aditya.menon176@example.in,Aditya Menon,+919534517803,6765-7232-8867,HBSPX0807I,"150, Connaught Place, Sector 39",Hyderabad,"[""ORDER_FULFILLMENT"",""MARKETING_SMS"",""CUSTOMER_ANALYTICS""]",Aditya%1969900A,2026-09-06T10:59:26.167Z
usr_51e74577d88f,nikhil.chauhan177@example.in,Nikhil Chauhan,+918469473240,6460-6331-1736,AUWPG9902Y,"964, Indiranagar, Sector 22",Kochi,"[""ORDER_FULFILLMENT"",""MARKETING_SMS"",""CUSTOMER_ANALYTICS""]",Nikhil@3165C94A,2026-08-01T10:59:26.167Z
usr_2db91cd8c4ae,amit.mukherjee178@example.in,Amit Mukherjee,+917525808125,9156-9219-7386,BLOPB1109I,"519, Sector 17, Sector 3",Jaipur,"[""ORDER_FULFILLMENT"",""MARKETING_SMS"",""CUSTOMER_ANALYTICS""]",Amit#347865A5,2026-07-25T10:59:26.167Z
usr_6685710baa01,sanjay.mukherjee179@example.in,Sanjay Mukherjee,+917174725338,4526-7012-3895,RPTPD7714P,"174, Banjara Hills, Sector 44",Mumbai,"[""ORDER_FULFILLMENT"",""MARKETING_SMS"",""CUSTOMER_ANALYTICS""]",Sanjay#999798EC,2026-05-14T10:59:26.167Z
usr_173edcdf1df2,meera.agarwal180@example.in,Meera Agarwal,+919241175289,7395-2971-9433,MCOPG6826W,"368, Sector 17, Sector 42",Indore,"[""ORDER_FULFILLMENT"",""MARKETING_SMS"",""CUSTOMER_ANALYTICS""]",Meera#1819E8B1,2026-03-19T10:59:26.167Z
usr_e4749c77a768,rajesh.chatterjee181@example.in,Rajesh Chatterjee,+918139530297,9535-6216-5612,QDAPF9349A,"608, Sector 17, Sector 23",Jaipur,"[""ORDER_FULFILLMENT"",""MARKETING_SMS"",""CUSTOMER_ANALYTICS""]",Rajesh&5399F057,2026-05-17T10:59:26.167Z
usr_fe05b4355285,priya.nair182@example.in,Priya Nair,+919526564107,7761-4872-4867,LJMPQ0601O,"460, Sector 17, Sector 36",Ahmedabad,"[""ORDER_FULFILLMENT"",""MARKETING_SMS"",""CUSTOMER_ANALYTICS""]",Priya@940086F7,2026-07-31T10:59:26.167Z
usr_5857e8519b7e,varun.kumar183@example.in,Varun Kumar,+917438277873,8586-9514-9958,MMOPX4997M,"175, Connaught Place, Sector 8",Lucknow,"[""ORDER_FULFILLMENT"",""MARKETING_SMS"",""CUSTOMER_ANALYTICS""]",Varun$640200BC,2026-09-07T10:59:26.167Z
usr_e234b5cb335d,bhavna.gupta184@example.in,Bhavna Gupta,+917125339926,8770-9322-7516,EWEPD8995V,"973, Park Street, Sector 28",Kolkata,"[""ORDER_FULFILLMENT"",""MARKETING_SMS"",""CUSTOMER_ANALYTICS""]",Bhavna%6889BD1C,2026-08-29T10:59:26.167Z
usr_4674940d2a70,arjun.bose185@example.in,Arjun Bose,+918895676265,9820-5940-3224,RVHPC7584J,"604, Anna Salai, Sector 14",Chandigarh,"[""ORDER_FULFILLMENT"",""MARKETING_SMS"",""CUSTOMER_ANALYTICS""]",Arjun#3811FBBC,2026-06-04T10:59:26.167Z
usr_5ae45076e779,simran.menon186@example.in,Simran Menon,+919393038656,5996-4263-5012,USSPA1945G,"333, Koramangala, Sector 39",Chandigarh,"[""ORDER_FULFILLMENT"",""MARKETING_SMS"",""CUSTOMER_ANALYTICS""]",Simran%6650C057,2026-07-02T10:59:26.167Z
usr_cbb6f0baaa66,nikhil.mehta187@example.in,Nikhil Mehta,+918851516356,5304-5185-8184,ADKPZ3204A,"890, Park Street, Sector 34",Pune,"[""ORDER_FULFILLMENT"",""MARKETING_SMS"",""CUSTOMER_ANALYTICS""]",Nikhil&513276A4,2026-07-23T10:59:26.167Z
usr_52b6085788e0,arjun.verma188@example.in,Arjun Verma,+917905283557,5671-1467-9350,XNAPK8817X,"443, Brigade Road, Sector 24",Pune,"[""ORDER_FULFILLMENT"",""MARKETING_SMS"",""CUSTOMER_ANALYTICS""]",Arjun!1113EDB5,2026-08-03T10:59:26.167Z
usr_db6bd4957e51,rajesh.pillai189@example.in,Rajesh Pillai,+919699891248,3939-1980-9375,UKNPO0885P,"130, Banjara Hills, Sector 18",Kochi,"[""ORDER_FULFILLMENT"",""MARKETING_SMS"",""CUSTOMER_ANALYTICS""]",Rajesh#38279B4E,2026-08-06T10:59:26.167Z
usr_8260f50524c0,varun.kulkarni190@example.in,Varun Kulkarni,+918423602264,6693-6633-5751,FWBPU7239X,"352, Brigade Road, Sector 7",Kolkata,"[""ORDER_FULFILLMENT"",""MARKETING_SMS"",""CUSTOMER_ANALYTICS""]",Varun%549918FA,2026-09-05T10:59:26.167Z
usr_f3bd919044d7,isha.menon191@example.in,Isha Menon,+919449967162,4562-1171-9127,AQYPB2180I,"683, Brigade Road, Sector 26",Chandigarh,"[""ORDER_FULFILLMENT"",""MARKETING_SMS"",""CUSTOMER_ANALYTICS""]",Isha%1478C9F4,2026-07-22T10:59:26.167Z
usr_7f903f13b9cc,rahul.menon192@example.in,Rahul Menon,+917434924101,2222-1513-3143,NHXPC5562E,"554, M.G. Road, Sector 20",Indore,"[""ORDER_FULFILLMENT"",""MARKETING_SMS"",""CUSTOMER_ANALYTICS""]",Rahul#1943EDEB,2026-06-14T10:59:26.167Z
usr_73c9cc482aa0,rohan.chauhan193@example.in,Rohan Chauhan,+919539562598,7738-7942-6796,FQKPB7385B,"428, Banjara Hills, Sector 20",Indore,"[""ORDER_FULFILLMENT"",""MARKETING_SMS"",""CUSTOMER_ANALYTICS""]",Rohan!8997D49E,2026-07-21T10:59:26.167Z
usr_da4791e4be8b,aditya.rao194@example.in,Aditya Rao,+919284116296,8483-5056-8113,ZPSPB4806N,"585, Anna Salai, Sector 2",Ahmedabad,"[""ORDER_FULFILLMENT"",""MARKETING_SMS"",""CUSTOMER_ANALYTICS""]",Aditya%8276F2F1,2026-07-21T10:59:26.167Z
usr_5090f4b2e614,aditya.bhattacharya195@example.in,Aditya Bhattacharya,+919783621644,7877-2404-3923,GKUPJ4620V,"254, Anna Salai, Sector 26",Bengaluru,"[""ORDER_FULFILLMENT"",""MARKETING_SMS"",""CUSTOMER_ANALYTICS""]",Aditya$16187FE1,2026-08-10T10:59:26.167Z
usr_4ac6d200068e,pallavi.chauhan196@example.in,Pallavi Chauhan,+919567292689,4068-5040-7191,BEAPA4917Y,"714, MI Road, Sector 43",Lucknow,"[""ORDER_FULFILLMENT"",""MARKETING_SMS"",""CUSTOMER_ANALYTICS""]",Pallavi#68391208,2026-07-11T10:59:26.167Z
usr_ec61d4a49eda,aarav.dubey197@example.in,Aarav Dubey,+919154488559,3159-4035-4953,YNGPX7425F,"933, Anna Salai, Sector 24",Chennai,"[""ORDER_FULFILLMENT"",""MARKETING_SMS"",""CUSTOMER_ANALYTICS""]",Aarav$4084EA89,2026-06-21T10:59:26.167Z
usr_b6d43f413202,ritika.pillai198@example.in,Ritika Pillai,+918306500062,9338-3895-4005,QONPI4562T,"692, Koramangala, Sector 4",Lucknow,"[""ORDER_FULFILLMENT"",""MARKETING_SMS"",""CUSTOMER_ANALYTICS""]",Ritika!7064A5D0,2026-05-27T10:59:26.167Z
usr_5939dde66a69,nikhil.bhattacharya199@example.in,Nikhil Bhattacharya,+918331778566,9152-2449-6312,ZUHPD4525H,"888, M.G. Road, Sector 9",Kolkata,"[""ORDER_FULFILLMENT"",""MARKETING_SMS"",""CUSTOMER_ANALYTICS""]",Nikhil%8535FFFD,2026-07-31T10:59:26.167Z
usr_9e49de185f6d,meera.chauhan200@example.in,Meera Chauhan,+918151590097,6753-7248-9600,WHAPX9350M,"547, Anna Salai, Sector 38",Mumbai,"[""ORDER_FULFILLMENT"",""MARKETING_SMS"",""CUSTOMER_ANALYTICS""]",Meera&62147F72,2026-07-29T10:59:26.167Z
usr_b21094223f03,ritu.joshi201@example.in,Ritu Joshi,+917397444687,8698-7942-6527,QTLPN7016B,"425, MI Road, Sector 6",Bengaluru,"[""ORDER_FULFILLMENT"",""MARKETING_SMS"",""CUSTOMER_ANALYTICS""]",Ritu@817651E9,2026-07-01T10:59:26.167Z
usr_d8e7d25bd04f,alok.joshi202@example.in,Alok Joshi,+919967323112,4946-9362-1480,GUTPZ5732X,"175, Brigade Road, Sector 30",Indore,"[""ORDER_FULFILLMENT"",""MARKETING_SMS"",""CUSTOMER_ANALYTICS""]",Alok!52135309,2026-04-09T10:59:26.167Z
usr_9ccd845b0048,priya.dubey203@example.in,Priya Dubey,+917909831449,8169-2938-9935,RAEPK3248R,"660, Anna Salai, Sector 23",Chandigarh,"[""ORDER_FULFILLMENT"",""MARKETING_SMS"",""CUSTOMER_ANALYTICS""]",Priya!12752F4E,2026-08-08T10:59:26.167Z
usr_6ae7b9e4e623,priya.nair204@example.in,Priya Nair,+919198098884,9556-6932-5553,MBUPE2636W,"754, Banjara Hills, Sector 4",Kochi,"[""ORDER_FULFILLMENT"",""MARKETING_SMS"",""CUSTOMER_ANALYTICS""]",Priya&2263B48A,2026-04-23T10:59:26.167Z
usr_e1f9d38ab7e8,pooja.chopra205@example.in,Pooja Chopra,+918186866344,5574-3534-4651,XQZPE1256U,"54, Brigade Road, Sector 44",Lucknow,"[""ORDER_FULFILLMENT"",""MARKETING_SMS"",""CUSTOMER_ANALYTICS""]",Pooja$97071293,2026-05-01T10:59:26.167Z
usr_6c943908f392,abhishek.bhattacharya206@example.in,Abhishek Bhattacharya,+919422902163,2994-6252-9067,JIXPU6397O,"580, Park Street, Sector 5",Hyderabad,"[""ORDER_FULFILLMENT"",""MARKETING_SMS"",""CUSTOMER_ANALYTICS""]",Abhishek@911823BC,2026-04-25T10:59:26.167Z
usr_473ab9077f92,rahul.pandey207@example.in,Rahul Pandey,+918336399375,3139-3430-6338,IDMPX2610C,"445, Koramangala, Sector 45",Chandigarh,"[""ORDER_FULFILLMENT"",""MARKETING_SMS"",""CUSTOMER_ANALYTICS""]",Rahul$57029303,2026-07-19T10:59:26.167Z
usr_b39e9acbb5ee,rajesh.mishra208@example.in,Rajesh Mishra,+917589808734,5784-9043-6146,KGLPO7357N,"39, Sector 17, Sector 3",Delhi NCR,"[""ORDER_FULFILLMENT"",""MARKETING_SMS"",""CUSTOMER_ANALYTICS""]",Rajesh@6294F9E9,2026-05-30T10:59:26.167Z
usr_7b9893345b3a,tanvi.kulkarni209@example.in,Tanvi Kulkarni,+919458443346,5119-8265-8238,XIUPS1054N,"956, Banjara Hills, Sector 13",Hyderabad,"[""ORDER_FULFILLMENT"",""MARKETING_SMS"",""CUSTOMER_ANALYTICS""]",Tanvi#3083FD30,2026-05-03T10:59:26.167Z
usr_e39e85546aa8,priya.chopra210@example.in,Priya Chopra,+918188689807,4007-7779-2762,BJNPI8066P,"278, Park Street, Sector 18",Bengaluru,"[""ORDER_FULFILLMENT"",""MARKETING_SMS"",""CUSTOMER_ANALYTICS""]",Priya&79137191,2026-03-16T10:59:26.167Z
usr_9f207af03dbf,kunal.mishra211@example.in,Kunal Mishra,+918608163148,9474-1340-7775,DBCPX5374O,"487, M.G. Road, Sector 45",Pune,"[""ORDER_FULFILLMENT"",""MARKETING_SMS"",""CUSTOMER_ANALYTICS""]",Kunal!59124C22,2026-08-26T10:59:26.167Z
usr_740dd7060667,rohan.bhatia212@example.in,Rohan Bhatia,+918844506532,2409-6616-7285,AQHPO9446O,"137, Anna Salai, Sector 4",Mumbai,"[""ORDER_FULFILLMENT"",""MARKETING_SMS"",""CUSTOMER_ANALYTICS""]",Rohan@9339ABA9,2026-09-06T10:59:26.167Z
usr_093e91dc31e6,bhavna.sharma213@example.in,Bhavna Sharma,+917892057383,4800-6058-8799,OEFPB9127O,"914, SG Highway, Sector 44",Bengaluru,"[""ORDER_FULFILLMENT"",""MARKETING_SMS"",""CUSTOMER_ANALYTICS""]",Bhavna@21638CA5,2026-08-20T10:59:26.167Z
usr_28f1f434fe84,deepika.malhotra214@example.in,Deepika Malhotra,+919678545449,9981-7492-3103,ESOPT6297L,"636, Anna Salai, Sector 1",Hyderabad,"[""ORDER_FULFILLMENT"",""MARKETING_SMS"",""CUSTOMER_ANALYTICS""]",Deepika&27502BDF,2026-09-03T10:59:26.167Z
usr_e8b634e8bd57,neha.reddy215@example.in,Neha Reddy,+918590337297,7226-5899-8918,IEVPB1044P,"789, Sector 17, Sector 33",Kolkata,"[""ORDER_FULFILLMENT"",""MARKETING_SMS"",""CUSTOMER_ANALYTICS""]",Neha%2581729D,2026-05-18T10:59:26.167Z
usr_5c625cd6f18e,bhavna.pandey216@example.in,Bhavna Pandey,+919945726955,2465-1115-7335,JDXPD0363C,"772, Sector 17, Sector 22",Ahmedabad,"[""ORDER_FULFILLMENT"",""MARKETING_SMS"",""CUSTOMER_ANALYTICS""]",Bhavna&5574FF76,2026-07-11T10:59:26.167Z
usr_33a14b9f931f,shweta.bhatia217@example.in,Shweta Bhatia,+917979464099,7403-7946-1076,NLVPD5781S,"909, FC Road, Sector 29",Delhi NCR,"[""ORDER_FULFILLMENT"",""MARKETING_SMS"",""CUSTOMER_ANALYTICS""]",Shweta@49302F5A,2026-06-09T10:59:26.167Z
usr_7a2e2c6b1079,anjali.trivedi218@example.in,Anjali Trivedi,+918629074742,9217-6131-9612,ZBRPO4810V,"294, FC Road, Sector 7",Kochi,"[""ORDER_FULFILLMENT"",""MARKETING_SMS"",""CUSTOMER_ANALYTICS""]",Anjali#99212048,2026-08-24T10:59:26.167Z
usr_0c6a04831f5d,tanvi.pillai219@example.in,Tanvi Pillai,+918274986156,9378-8785-2863,EATPL0061V,"366, Indiranagar, Sector 22",Chandigarh,"[""ORDER_FULFILLMENT"",""MARKETING_SMS"",""CUSTOMER_ANALYTICS""]",Tanvi#3334C839,2026-04-22T10:59:26.167Z
usr_e13d9b277504,nikhil.kumar220@example.in,Nikhil Kumar,+919456683774,9581-3903-4763,IPRPB3456V,"105, M.G. Road, Sector 12",Indore,"[""ORDER_FULFILLMENT"",""MARKETING_SMS"",""CUSTOMER_ANALYTICS""]",Nikhil@1287C4F9,2026-08-19T10:59:26.167Z
usr_f9647b901d92,aarav.singh221@example.in,Aarav Singh,+917399915828,3154-7914-6781,ANEPK7905R,"285, Banjara Hills, Sector 5",Hyderabad,"[""ORDER_FULFILLMENT"",""MARKETING_SMS"",""CUSTOMER_ANALYTICS""]",Aarav#8925AE48,2026-04-08T10:59:26.167Z
usr_6cef978a57ab,sunita.verma222@example.in,Sunita Verma,+917186855942,2907-5323-5567,AYYPH8955W,"574, Brigade Road, Sector 19",Hyderabad,"[""ORDER_FULFILLMENT"",""MARKETING_SMS"",""CUSTOMER_ANALYTICS""]",Sunita$8267C8A2,2026-05-22T10:59:26.167Z
usr_a354a7c4cdc5,sneha.trivedi223@example.in,Sneha Trivedi,+917797462450,7744-8471-4637,BDPPR8369Y,"209, Anna Salai, Sector 22",Pune,"[""ORDER_FULFILLMENT"",""MARKETING_SMS"",""CUSTOMER_ANALYTICS""]",Sneha#7650D1E1,2026-04-13T10:59:26.167Z
usr_acd76746789a,deepika.rao224@example.in,Deepika Rao,+917759774724,3680-8438-4782,VGDPR5434I,"253, FC Road, Sector 25",Kochi,"[""ORDER_FULFILLMENT"",""MARKETING_SMS"",""CUSTOMER_ANALYTICS""]",Deepika$6207CC2F,2026-05-14T10:59:26.167Z
usr_8336d6e979ae,priya.singh225@example.in,Priya Singh,+919952888847,2748-9206-1223,OPZPQ6386I,"1, Connaught Place, Sector 30",Ahmedabad,"[""ORDER_FULFILLMENT"",""MARKETING_SMS"",""CUSTOMER_ANALYTICS""]",Priya%5498CB2E,2026-06-08T10:59:26.167Z
usr_244abd467732,ananya.dubey226@example.in,Ananya Dubey,+919671790956,3538-3929-7703,GCIPG2778H,"31, FC Road, Sector 38",Pune,"[""ORDER_FULFILLMENT"",""MARKETING_SMS"",""CUSTOMER_ANALYTICS""]",Ananya%60156013,2026-04-14T10:59:26.167Z
usr_0bf377c33c25,meera.pillai227@example.in,Meera Pillai,+918838964780,9681-3945-9445,TUNPQ8355A,"173, Brigade Road, Sector 23",Pune,"[""ORDER_FULFILLMENT"",""MARKETING_SMS"",""CUSTOMER_ANALYTICS""]",Meera!39316B49,2026-03-19T10:59:26.167Z
usr_1c033bfe815e,abhishek.kapoor228@example.in,Abhishek Kapoor,+917539700414,6492-8578-1644,KRQPR1360B,"805, Banjara Hills, Sector 5",Lucknow,"[""ORDER_FULFILLMENT"",""MARKETING_SMS"",""CUSTOMER_ANALYTICS""]",Abhishek$32303E20,2026-08-08T10:59:26.167Z
usr_e16cbad3a1db,siddharth.dubey229@example.in,Siddharth Dubey,+919282122963,3406-7812-6581,ZNKPJ7779F,"593, Banjara Hills, Sector 34",Ahmedabad,"[""ORDER_FULFILLMENT"",""MARKETING_SMS"",""CUSTOMER_ANALYTICS""]",Siddharth&7939794A,2026-08-25T10:59:26.167Z
usr_3e67ce25890c,divya.kumar230@example.in,Divya Kumar,+919168471104,5703-2392-5941,RLHPE2808R,"968, FC Road, Sector 13",Chennai,"[""ORDER_FULFILLMENT"",""MARKETING_SMS"",""CUSTOMER_ANALYTICS""]",Divya@45068E45,2026-05-16T10:59:26.167Z
usr_a1d2e656cf6b,rajesh.nair231@example.in,Rajesh Nair,+917439111598,3586-7904-6217,PELPO0082N,"885, Koramangala, Sector 2",Kochi,"[""ORDER_FULFILLMENT"",""MARKETING_SMS"",""CUSTOMER_ANALYTICS""]",Rajesh&60871F4A,2026-06-21T10:59:26.167Z
usr_17abb3435a36,karan.joshi232@example.in,Karan Joshi,+919423573501,3790-8754-3274,FJHPB1825O,"305, SG Highway, Sector 39",Pune,"[""ORDER_FULFILLMENT"",""MARKETING_SMS"",""CUSTOMER_ANALYTICS""]",Karan$85664B9B,2026-06-25T10:59:26.167Z
usr_cceafd0486c9,ananya.joshi233@example.in,Ananya Joshi,+918963953375,6419-4575-7071,UMOPX6482A,"791, M.G. Road, Sector 27",Mumbai,"[""ORDER_FULFILLMENT"",""MARKETING_SMS"",""CUSTOMER_ANALYTICS""]",Ananya!566413EC,2026-07-24T10:59:26.167Z
usr_92c4e2bd2cd8,priya.mukherjee234@example.in,Priya Mukherjee,+917408266299,2152-5091-4269,BEZPA0281B,"962, Banjara Hills, Sector 2",Hyderabad,"[""ORDER_FULFILLMENT"",""MARKETING_SMS"",""CUSTOMER_ANALYTICS""]",Priya%5222B2B0,2026-03-21T10:59:26.167Z
usr_dde25b2c38d8,deepika.kapoor235@example.in,Deepika Kapoor,+917990381111,3039-1304-3274,FJTPD8989B,"446, SG Highway, Sector 20",Kolkata,"[""ORDER_FULFILLMENT"",""MARKETING_SMS"",""CUSTOMER_ANALYTICS""]",Deepika#6467A799,2026-08-16T10:59:26.167Z
usr_940a7797d9f7,siddharth.deshmukh236@example.in,Siddharth Deshmukh,+917437940103,2439-3997-1881,EAGPC1813M,"921, Banjara Hills, Sector 11",Chennai,"[""ORDER_FULFILLMENT"",""MARKETING_SMS"",""CUSTOMER_ANALYTICS""]",Siddharth@80791C8C,2026-07-21T10:59:26.167Z
usr_1fcabdc7bd79,siddharth.nair237@example.in,Siddharth Nair,+918174396206,8596-8488-5362,PADPP0577W,"346, SG Highway, Sector 32",Delhi NCR,"[""ORDER_FULFILLMENT"",""MARKETING_SMS"",""CUSTOMER_ANALYTICS""]",Siddharth$15167DB3,2026-05-21T10:59:26.167Z
usr_c55100337eac,manish.trivedi238@example.in,Manish Trivedi,+917767620825,8579-9844-7298,AXCPK2597M,"993, MI Road, Sector 36",Chennai,"[""ORDER_FULFILLMENT"",""MARKETING_SMS"",""CUSTOMER_ANALYTICS""]",Manish$17351E87,2026-03-16T10:59:26.167Z
usr_978fd98ff4b0,aditya.gupta239@example.in,Aditya Gupta,+917238142151,7960-2488-1860,XZWPV8660T,"619, Connaught Place, Sector 11",Hyderabad,"[""ORDER_FULFILLMENT"",""MARKETING_SMS"",""CUSTOMER_ANALYTICS""]",Aditya%79079E03,2026-08-02T10:59:26.167Z
usr_19cce90764a7,pooja.patel240@example.in,Pooja Patel,+919977195767,4905-6475-1380,LUYPW5622F,"391, FC Road, Sector 26",Kochi,"[""ORDER_FULFILLMENT"",""MARKETING_SMS"",""CUSTOMER_ANALYTICS""]",Pooja@7771DF94,2026-07-27T10:59:26.167Z
usr_aaa8dea93fc7,ritika.mukherjee241@example.in,Ritika Mukherjee,+918150739001,3169-1230-5753,YXFPN6687D,"490, Indiranagar, Sector 15",Chennai,"[""ORDER_FULFILLMENT"",""MARKETING_SMS"",""CUSTOMER_ANALYTICS""]",Ritika$3473D29D,2026-09-03T10:59:26.167Z
usr_3694d6cc30ef,sanjay.kapoor242@example.in,Sanjay Kapoor,+917395051221,6619-6185-9066,ZFCPG9109E,"94, Anna Salai, Sector 26",Indore,"[""ORDER_FULFILLMENT"",""MARKETING_SMS"",""CUSTOMER_ANALYTICS""]",Sanjay!43972F30,2026-08-30T10:59:26.167Z
usr_08e2d6e2954b,simran.verma243@example.in,Simran Verma,+917136700755,9905-4663-4109,JDFPM7220N,"916, Indiranagar, Sector 32",Kolkata,"[""ORDER_FULFILLMENT"",""MARKETING_SMS"",""CUSTOMER_ANALYTICS""]",Simran%7345D762,2026-07-08T10:59:26.167Z
usr_7ac29f6e7491,arjun.dubey244@example.in,Arjun Dubey,+919555881639,7330-3020-5991,CWNPW5588H,"766, Brigade Road, Sector 42",Kolkata,"[""ORDER_FULFILLMENT"",""MARKETING_SMS"",""CUSTOMER_ANALYTICS""]",Arjun%55384D87,2026-04-15T10:59:26.167Z
usr_6aae7f8f1ae2,kavita.iyer245@example.in,Kavita Iyer,+917445843175,8526-7416-5096,OFQPX5263I,"257, Banjara Hills, Sector 11",Ahmedabad,"[""ORDER_FULFILLMENT"",""MARKETING_SMS"",""CUSTOMER_ANALYTICS""]",Kavita!7940238A,2026-04-02T10:59:26.167Z
usr_11b93926c5e3,aditya.bhatia246@example.in,Aditya Bhatia,+918291450816,8249-2457-7636,FABPT1420Q,"908, Park Street, Sector 3",Lucknow,"[""ORDER_FULFILLMENT"",""MARKETING_SMS"",""CUSTOMER_ANALYTICS""]",Aditya#8601AA6E,2026-07-09T10:59:26.167Z
usr_d8265b5895bc,ritu.malhotra247@example.in,Ritu Malhotra,+918828197140,2246-5178-1465,AKCPB2665D,"878, Anna Salai, Sector 44",Indore,"[""ORDER_FULFILLMENT"",""MARKETING_SMS"",""CUSTOMER_ANALYTICS""]",Ritu#28769179,2026-05-28T10:59:26.167Z
usr_912cc20b1a3e,bhavna.joshi248@example.in,Bhavna Joshi,+919899078385,2926-3440-2649,OIFPL5065P,"234, Anna Salai, Sector 29",Delhi NCR,"[""ORDER_FULFILLMENT"",""MARKETING_SMS"",""CUSTOMER_ANALYTICS""]",Bhavna%6345B298,2026-07-09T10:59:26.167Z
usr_c6993422a5cf,gaurav.singh249@example.in,Gaurav Singh,+919165497583,3463-1414-3762,DHOPE4757E,"912, Connaught Place, Sector 11",Kolkata,"[""ORDER_FULFILLMENT"",""MARKETING_SMS"",""CUSTOMER_ANALYTICS""]",Gaurav#3834DA0F,2026-06-20T10:59:26.167Z
usr_edb866fd4ec4,amit.chauhan250@example.in,Amit Chauhan,+917683905963,7346-4829-8727,EIUPV6806B,"907, M.G. Road, Sector 30",Hyderabad,"[""ORDER_FULFILLMENT"",""MARKETING_SMS"",""CUSTOMER_ANALYTICS""]",Amit$73296565,2026-03-31T10:59:26.167Z
usr_c3053a2f6d35,manish.kapoor251@example.in,Manish Kapoor,+917800344348,8889-7995-8209,MSIPL3710S,"972, FC Road, Sector 32",Kolkata,"[""ORDER_FULFILLMENT"",""MARKETING_SMS"",""CUSTOMER_ANALYTICS""]",Manish$7191BEE2,2026-05-29T10:59:26.167Z
usr_bacdf40e2a54,ritu.pillai252@example.in,Ritu Pillai,+918303475041,4596-2414-8352,AKBPD6376H,"47, Connaught Place, Sector 29",Delhi NCR,"[""ORDER_FULFILLMENT"",""MARKETING_SMS"",""CUSTOMER_ANALYTICS""]",Ritu%37885FEC,2026-03-14T10:59:26.167Z
usr_ddbead38d19a,sneha.nair253@example.in,Sneha Nair,+917313878219,7998-5899-8448,MDPPR7057V,"879, SG Highway, Sector 32",Chennai,"[""ORDER_FULFILLMENT"",""MARKETING_SMS"",""CUSTOMER_ANALYTICS""]",Sneha@72808851,2026-08-08T10:59:26.167Z
usr_c485d0663165,shweta.reddy254@example.in,Shweta Reddy,+918633182392,9553-8495-1294,TDVPV9072E,"913, Park Street, Sector 23",Chennai,"[""ORDER_FULFILLMENT"",""MARKETING_SMS"",""CUSTOMER_ANALYTICS""]",Shweta@72897F6C,2026-09-03T10:59:26.167Z
usr_c049610ff3b9,neha.bhattacharya255@example.in,Neha Bhattacharya,+917370906864,8499-6767-3737,YPFPJ4762H,"35, Banjara Hills, Sector 18",Kochi,"[""ORDER_FULFILLMENT"",""MARKETING_SMS"",""CUSTOMER_ANALYTICS""]",Neha%47640EDD,2026-06-13T10:59:26.167Z
usr_bb7ca775d2d2,ritika.rao256@example.in,Ritika Rao,+919686364749,6616-4159-9306,CXUPK7122Z,"564, SG Highway, Sector 26",Lucknow,"[""ORDER_FULFILLMENT"",""MARKETING_SMS"",""CUSTOMER_ANALYTICS""]",Ritika$73629C98,2026-06-04T10:59:26.167Z
usr_2d6db2e85279,siddharth.pillai257@example.in,Siddharth Pillai,+917306543366,2093-3067-5778,GLOPE3890O,"184, SG Highway, Sector 39",Bengaluru,"[""ORDER_FULFILLMENT"",""MARKETING_SMS"",""CUSTOMER_ANALYTICS""]",Siddharth@870499B9,2026-04-17T10:59:26.167Z
usr_75910c22573a,amit.bhattacharya258@example.in,Amit Bhattacharya,+917417653013,8293-7834-6445,CWEPS9094I,"888, SG Highway, Sector 26",Kochi,"[""ORDER_FULFILLMENT"",""MARKETING_SMS"",""CUSTOMER_ANALYTICS""]",Amit&80475E18,2026-06-27T10:59:26.167Z
usr_96e649a7141e,divya.dubey259@example.in,Divya Dubey,+919501020321,8069-1963-4990,KEWPT4374R,"515, MI Road, Sector 22",Pune,"[""ORDER_FULFILLMENT"",""MARKETING_SMS"",""CUSTOMER_ANALYTICS""]",Divya#35341440,2026-07-12T10:59:26.167Z
usr_1115682e6518,sneha.deshmukh260@example.in,Sneha Deshmukh,+919198104316,4782-5443-2439,QOQPY6173U,"210, Koramangala, Sector 19",Ahmedabad,"[""ORDER_FULFILLMENT"",""MARKETING_SMS"",""CUSTOMER_ANALYTICS""]",Sneha#58309FF5,2026-03-27T10:59:26.167Z
usr_8ae6c00964d0,ritika.mehta261@example.in,Ritika Mehta,+917975090510,8345-3641-3566,ZVMPF5662A,"756, Banjara Hills, Sector 33",Mumbai,"[""ORDER_FULFILLMENT"",""MARKETING_SMS"",""CUSTOMER_ANALYTICS""]",Ritika!1028DD77,2026-07-01T10:59:26.167Z
usr_b63f19dc0076,isha.menon262@example.in,Isha Menon,+917435342302,9091-2470-1901,ZERPL2263G,"776, Koramangala, Sector 41",Bengaluru,"[""ORDER_FULFILLMENT"",""MARKETING_SMS"",""CUSTOMER_ANALYTICS""]",Isha!6819A9B7,2026-03-21T10:59:26.167Z
usr_80368c6f2715,nikhil.malhotra263@example.in,Nikhil Malhotra,+917235798527,8334-1891-3402,HBEPG7398K,"940, Park Street, Sector 25",Ahmedabad,"[""ORDER_FULFILLMENT"",""MARKETING_SMS"",""CUSTOMER_ANALYTICS""]",Nikhil&1262A118,2026-07-02T10:59:26.167Z
usr_79628cd66798,sunita.pandey264@example.in,Sunita Pandey,+918956543206,9142-6671-2179,EGQPW0243G,"690, Sector 17, Sector 27",Delhi NCR,"[""ORDER_FULFILLMENT"",""MARKETING_SMS"",""CUSTOMER_ANALYTICS""]",Sunita%82070064,2026-07-14T10:59:26.167Z
usr_130fcdada25a,manish.deshmukh265@example.in,Manish Deshmukh,+917800744784,6003-7740-7184,BTUPP6371B,"352, Koramangala, Sector 36",Mumbai,"[""ORDER_FULFILLMENT"",""MARKETING_SMS"",""CUSTOMER_ANALYTICS""]",Manish#8248AE07,2026-07-14T10:59:26.167Z
usr_a793595896b1,ritika.reddy266@example.in,Ritika Reddy,+917178366763,2805-8183-4542,ABUPI8951L,"422, M.G. Road, Sector 13",Lucknow,"[""ORDER_FULFILLMENT"",""MARKETING_SMS"",""CUSTOMER_ANALYTICS""]",Ritika&1021C9E6,2026-07-31T10:59:26.167Z
usr_5cb6a06745a3,isha.deshmukh267@example.in,Isha Deshmukh,+918580307420,3287-4477-9330,AYCPT6396Y,"18, Anna Salai, Sector 41",Chandigarh,"[""ORDER_FULFILLMENT"",""MARKETING_SMS"",""CUSTOMER_ANALYTICS""]",Isha#1835778C,2026-03-17T10:59:26.167Z
usr_7433067c0892,varun.rao268@example.in,Varun Rao,+917886954964,9114-3341-8620,CKQPL3759A,"765, Koramangala, Sector 16",Hyderabad,"[""ORDER_FULFILLMENT"",""MARKETING_SMS"",""CUSTOMER_ANALYTICS""]",Varun#68667C4C,2026-05-06T10:59:26.167Z
usr_f72bad5dd14e,ananya.chatterjee269@example.in,Ananya Chatterjee,+919141751496,3642-7770-9498,QDOPH6283N,"390, Brigade Road, Sector 36",Mumbai,"[""ORDER_FULFILLMENT"",""MARKETING_SMS"",""CUSTOMER_ANALYTICS""]",Ananya@7552C4A5,2026-05-20T10:59:26.167Z
usr_8992051a2907,abhishek.bhattacharya270@example.in,Abhishek Bhattacharya,+917772482076,9700-7694-7209,LPPPX9005E,"734, Indiranagar, Sector 13",Lucknow,"[""ORDER_FULFILLMENT"",""MARKETING_SMS"",""CUSTOMER_ANALYTICS""]",Abhishek&52607165,2026-07-06T10:59:26.167Z
usr_0fb50e5c428d,sunita.gupta271@example.in,Sunita Gupta,+917248408344,9809-4875-9294,QWDPP2904U,"101, Banjara Hills, Sector 24",Delhi NCR,"[""ORDER_FULFILLMENT"",""MARKETING_SMS"",""CUSTOMER_ANALYTICS""]",Sunita!3680B6B9,2026-07-15T10:59:26.167Z
usr_eadb2ea8a2a1,varun.menon272@example.in,Varun Menon,+917977644223,3943-7887-7580,XMUPK5684X,"923, MI Road, Sector 11",Indore,"[""ORDER_FULFILLMENT"",""MARKETING_SMS"",""CUSTOMER_ANALYTICS""]",Varun!4506BECD,2026-04-03T10:59:26.167Z
usr_9bb3ae744ed5,varun.pillai273@example.in,Varun Pillai,+918731686981,7449-7824-4551,AHCPH8446N,"49, Park Street, Sector 44",Jaipur,"[""ORDER_FULFILLMENT"",""MARKETING_SMS"",""CUSTOMER_ANALYTICS""]",Varun!7893EE8A,2026-05-25T10:59:26.167Z
usr_c004bae56525,alok.kapoor274@example.in,Alok Kapoor,+919233571584,4093-6186-7615,TGYPP7344G,"806, Connaught Place, Sector 38",Mumbai,"[""ORDER_FULFILLMENT"",""MARKETING_SMS"",""CUSTOMER_ANALYTICS""]",Alok%693280CF,2026-07-06T10:59:26.167Z
usr_87e9b0a425ef,anjali.mukherjee275@example.in,Anjali Mukherjee,+919167431872,4313-2298-2973,QXBPZ5654P,"76, Sector 17, Sector 15",Indore,"[""ORDER_FULFILLMENT"",""MARKETING_SMS"",""CUSTOMER_ANALYTICS""]",Anjali&8075A2C4,2026-06-29T10:59:26.167Z
usr_c0b537f483dc,rohan.mishra276@example.in,Rohan Mishra,+917723489600,9678-2664-5432,JSPPT7321P,"555, FC Road, Sector 21",Lucknow,"[""ORDER_FULFILLMENT"",""MARKETING_SMS"",""CUSTOMER_ANALYTICS""]",Rohan%9336081E,2026-04-19T10:59:26.168Z
usr_295833293af5,gaurav.trivedi277@example.in,Gaurav Trivedi,+919994888779,4598-2323-7983,WYFPS8420O,"805, FC Road, Sector 14",Kolkata,"[""ORDER_FULFILLMENT"",""MARKETING_SMS"",""CUSTOMER_ANALYTICS""]",Gaurav@85286345,2026-06-29T10:59:26.168Z
usr_72564ee2aafb,simran.chauhan278@example.in,Simran Chauhan,+918697432139,7830-4330-6225,QLSPA3244O,"67, M.G. Road, Sector 33",Kochi,"[""ORDER_FULFILLMENT"",""MARKETING_SMS"",""CUSTOMER_ANALYTICS""]",Simran!40136DCD,2026-08-30T10:59:26.168Z
usr_48a9c881d617,priya.bhattacharya279@example.in,Priya Bhattacharya,+919966872030,3635-4184-7053,XNSPE1195D,"821, Indiranagar, Sector 14",Pune,"[""ORDER_FULFILLMENT"",""MARKETING_SMS"",""CUSTOMER_ANALYTICS""]",Priya#6896B49E,2026-04-17T10:59:26.168Z
usr_d176f87f441b,simran.chauhan280@example.in,Simran Chauhan,+917231637758,9831-6646-1915,IDEPO7191Z,"308, Sector 17, Sector 9",Kochi,"[""ORDER_FULFILLMENT"",""MARKETING_SMS"",""CUSTOMER_ANALYTICS""]",Simran#7242EF82,2026-04-28T10:59:26.168Z
usr_73d449ca28b5,rahul.chopra281@example.in,Rahul Chopra,+918111859638,5967-2043-6598,POXPJ7573T,"305, Anna Salai, Sector 4",Indore,"[""ORDER_FULFILLMENT"",""MARKETING_SMS"",""CUSTOMER_ANALYTICS""]",Rahul@6367F508,2026-06-10T10:59:26.168Z
usr_90f2876a586b,kavita.iyer282@example.in,Kavita Iyer,+919908774115,6777-8861-2417,ENMPL4822K,"411, Anna Salai, Sector 21",Kolkata,"[""ORDER_FULFILLMENT"",""MARKETING_SMS"",""CUSTOMER_ANALYTICS""]",Kavita%2145D358,2026-04-12T10:59:26.168Z
usr_d896c1c25c96,pooja.patel283@example.in,Pooja Patel,+919172103551,6299-9014-1539,BUGPL9299E,"411, Sector 17, Sector 6",Mumbai,"[""ORDER_FULFILLMENT"",""MARKETING_SMS"",""CUSTOMER_ANALYTICS""]",Pooja!60895ABA,2026-09-01T10:59:26.168Z
usr_b42e43151649,swati.deshmukh284@example.in,Swati Deshmukh,+917650025251,7806-4420-1000,GVFPT8169U,"904, Indiranagar, Sector 12",Bengaluru,"[""ORDER_FULFILLMENT"",""MARKETING_SMS"",""CUSTOMER_ANALYTICS""]",Swati&6799D324,2026-03-12T10:59:26.168Z
usr_8753981bc5c2,bhavna.reddy285@example.in,Bhavna Reddy,+917820956753,8951-3166-9165,HPZPE7188F,"509, M.G. Road, Sector 43",Chennai,"[""ORDER_FULFILLMENT"",""MARKETING_SMS"",""CUSTOMER_ANALYTICS""]",Bhavna!84953568,2026-05-25T10:59:26.168Z
usr_9dedc2d799c5,deepika.sharma286@example.in,Deepika Sharma,+919225568682,5591-4389-6254,JCXPG8386G,"282, MI Road, Sector 14",Mumbai,"[""ORDER_FULFILLMENT"",""MARKETING_SMS"",""CUSTOMER_ANALYTICS""]",Deepika$79162307,2026-04-22T10:59:26.168Z
usr_d077742b1a91,alok.chopra287@example.in,Alok Chopra,+919191865505,7484-4998-1236,FLJPR9000M,"646, Brigade Road, Sector 3",Lucknow,"[""ORDER_FULFILLMENT"",""MARKETING_SMS"",""CUSTOMER_ANALYTICS""]",Alok$45076540,2026-04-29T10:59:26.168Z
usr_f1b35679f74f,ritu.mishra288@example.in,Ritu Mishra,+918521061731,5793-1438-8219,KNEPW5854S,"444, Brigade Road, Sector 35",Indore,"[""ORDER_FULFILLMENT"",""MARKETING_SMS"",""CUSTOMER_ANALYTICS""]",Ritu$74540A33,2026-08-28T10:59:26.168Z
usr_adaff0a52a25,ritu.nair289@example.in,Ritu Nair,+919492296311,5761-8926-1087,PDTPO9441L,"184, Brigade Road, Sector 16",Delhi NCR,"[""ORDER_FULFILLMENT"",""MARKETING_SMS"",""CUSTOMER_ANALYTICS""]",Ritu$939751CB,2026-04-27T10:59:26.168Z
usr_217bd6263ab7,vikram.joshi290@example.in,Vikram Joshi,+918552363290,4568-5119-7956,XPXPD8901F,"980, Koramangala, Sector 20",Chennai,"[""ORDER_FULFILLMENT"",""MARKETING_SMS"",""CUSTOMER_ANALYTICS""]",Vikram%5644D526,2026-04-16T10:59:26.168Z
usr_cbfd584120d9,kavita.verma291@example.in,Kavita Verma,+917478142600,6784-7359-5770,PZDPN6710C,"252, SG Highway, Sector 8",Ahmedabad,"[""ORDER_FULFILLMENT"",""MARKETING_SMS"",""CUSTOMER_ANALYTICS""]",Kavita#67514EEF,2026-05-27T10:59:26.168Z
usr_f8467b096b0c,nikhil.verma292@example.in,Nikhil Verma,+917569583937,9993-2574-3623,NXLPO6959Q,"284, FC Road, Sector 12",Mumbai,"[""ORDER_FULFILLMENT"",""MARKETING_SMS"",""CUSTOMER_ANALYTICS""]",Nikhil@1058FBF0,2026-04-17T10:59:26.168Z
usr_819344245154,amit.gupta293@example.in,Amit Gupta,+917727093771,9311-1140-6596,ZQHPC9963I,"375, Park Street, Sector 19",Ahmedabad,"[""ORDER_FULFILLMENT"",""MARKETING_SMS"",""CUSTOMER_ANALYTICS""]",Amit!23019E55,2026-06-26T10:59:26.168Z
usr_e7f78160b59b,deepika.bhatia294@example.in,Deepika Bhatia,+918898696483,8877-5911-5207,SNIPV3482C,"583, FC Road, Sector 29",Chennai,"[""ORDER_FULFILLMENT"",""MARKETING_SMS"",""CUSTOMER_ANALYTICS""]",Deepika$19706DB3,2026-07-26T10:59:26.168Z
usr_daf035454a5c,sunita.saxena295@example.in,Sunita Saxena,+917462594526,9769-1942-6942,QZAPR4294B,"164, Sector 17, Sector 3",Indore,"[""ORDER_FULFILLMENT"",""MARKETING_SMS"",""CUSTOMER_ANALYTICS""]",Sunita@6655CAFD,2026-04-24T10:59:26.168Z
usr_00fbe4112504,rahul.verma296@example.in,Rahul Verma,+919536326706,4652-4212-7892,EWGPP9044V,"923, Park Street, Sector 3",Lucknow,"[""ORDER_FULFILLMENT"",""MARKETING_SMS"",""CUSTOMER_ANALYTICS""]",Rahul$88936652,2026-09-05T10:59:26.168Z
usr_1900bce08054,meera.singh297@example.in,Meera Singh,+917687285385,4613-6188-4753,ZJIPE4441F,"462, MI Road, Sector 38",Indore,"[""ORDER_FULFILLMENT"",""MARKETING_SMS"",""CUSTOMER_ANALYTICS""]",Meera%97390D5C,2026-06-21T10:59:26.168Z
usr_ec9cca986f5c,alok.patel298@example.in,Alok Patel,+918769112318,3483-3244-3526,HCKPT9542W,"757, Sector 17, Sector 39",Mumbai,"[""ORDER_FULFILLMENT"",""MARKETING_SMS"",""CUSTOMER_ANALYTICS""]",Alok&1304CD6B,2026-04-09T10:59:26.168Z
usr_f677dd0bd84b,manish.sharma299@example.in,Manish Sharma,+917591511318,2195-3332-7965,VGYPV6642K,"42, MI Road, Sector 27",Ahmedabad,"[""ORDER_FULFILLMENT"",""MARKETING_SMS"",""CUSTOMER_ANALYTICS""]",Manish!573107DE,2026-03-24T10:59:26.168Z
usr_1ba5b245f601,alok.deshmukh300@example.in,Alok Deshmukh,+918814529543,5953-8484-9491,XRBPZ3161Q,"530, Banjara Hills, Sector 27",Pune,"[""ORDER_FULFILLMENT"",""MARKETING_SMS"",""CUSTOMER_ANALYTICS""]",Alok&10360E07,2026-05-03T10:59:26.168Z
usr_179db21aca57,ritika.kapoor301@example.in,Ritika Kapoor,+919636371620,2791-9323-9497,YVRPD3860N,"822, Connaught Place, Sector 18",Ahmedabad,"[""ORDER_FULFILLMENT"",""MARKETING_SMS"",""CUSTOMER_ANALYTICS""]",Ritika&7190FD13,2026-04-20T10:59:26.168Z
usr_bb835433a19b,rahul.verma302@example.in,Rahul Verma,+918601578195,7493-2183-4575,MYSPU5430B,"288, Sector 17, Sector 24",Ahmedabad,"[""ORDER_FULFILLMENT"",""MARKETING_SMS"",""CUSTOMER_ANALYTICS""]",Rahul$9412D847,2026-09-06T10:59:26.168Z
usr_df157ba597c4,nikhil.saxena303@example.in,Nikhil Saxena,+919654878221,7390-5589-5424,WFNPL6952R,"951, M.G. Road, Sector 28",Delhi NCR,"[""ORDER_FULFILLMENT"",""MARKETING_SMS"",""CUSTOMER_ANALYTICS""]",Nikhil!908776AD,2026-08-21T10:59:26.168Z
usr_c39c5704dc6b,gaurav.chopra304@example.in,Gaurav Chopra,+919938959795,7075-4809-8159,SYYPE4599V,"401, Park Street, Sector 37",Jaipur,"[""ORDER_FULFILLMENT"",""MARKETING_SMS"",""CUSTOMER_ANALYTICS""]",Gaurav&33999BF6,2026-07-15T10:59:26.168Z
usr_a9bc8ff72285,sunita.chauhan305@example.in,Sunita Chauhan,+919564060966,3679-4188-2492,ACSPZ7985Q,"328, Koramangala, Sector 40",Pune,"[""ORDER_FULFILLMENT"",""MARKETING_SMS"",""CUSTOMER_ANALYTICS""]",Sunita#7489A028,2026-06-29T10:59:26.168Z
usr_aa68fa3af960,priya.gupta306@example.in,Priya Gupta,+919412750453,2705-5354-7836,LAIPR8035K,"582, Connaught Place, Sector 16",Hyderabad,"[""ORDER_FULFILLMENT"",""MARKETING_SMS"",""CUSTOMER_ANALYTICS""]",Priya#92166AAF,2026-06-18T10:59:26.168Z
usr_047ad314ed22,pallavi.mukherjee307@example.in,Pallavi Mukherjee,+918443186732,5788-4144-6002,TDHPI7066J,"424, Brigade Road, Sector 17",Kochi,"[""ORDER_FULFILLMENT"",""MARKETING_SMS"",""CUSTOMER_ANALYTICS""]",Pallavi#89985BAD,2026-06-13T10:59:26.168Z
usr_de39a19adea3,sunita.chauhan308@example.in,Sunita Chauhan,+917792560576,2137-8278-6377,VTIPI1165R,"899, Brigade Road, Sector 3",Chennai,"[""ORDER_FULFILLMENT"",""MARKETING_SMS"",""CUSTOMER_ANALYTICS""]",Sunita!29329D3A,2026-08-15T10:59:26.168Z
usr_326c1a85e59b,arjun.gupta309@example.in,Arjun Gupta,+918672332343,9037-3902-4282,MZCPC5010R,"31, FC Road, Sector 45",Chandigarh,"[""ORDER_FULFILLMENT"",""MARKETING_SMS"",""CUSTOMER_ANALYTICS""]",Arjun#1525EA6C,2026-03-22T10:59:26.168Z
usr_c68b0083f8aa,arjun.mehta310@example.in,Arjun Mehta,+918232993680,4912-5799-8221,AUBPO7316N,"677, Koramangala, Sector 31",Indore,"[""ORDER_FULFILLMENT"",""MARKETING_SMS"",""CUSTOMER_ANALYTICS""]",Arjun%52746FD0,2026-07-16T10:59:26.168Z
usr_84119944311b,rahul.agarwal311@example.in,Rahul Agarwal,+919306765705,9328-6209-4784,WTWPB5106B,"658, Banjara Hills, Sector 32",Jaipur,"[""ORDER_FULFILLMENT"",""MARKETING_SMS"",""CUSTOMER_ANALYTICS""]",Rahul&3170D358,2026-05-27T10:59:26.168Z
usr_3716aad0f985,rajesh.pandey312@example.in,Rajesh Pandey,+919892485315,6627-6344-3765,BSQPP6142H,"47, Brigade Road, Sector 6",Kochi,"[""ORDER_FULFILLMENT"",""MARKETING_SMS"",""CUSTOMER_ANALYTICS""]",Rajesh@92077A7A,2026-06-09T10:59:26.168Z
usr_aa929f6f67fb,anjali.nair313@example.in,Anjali Nair,+919717720716,3129-6483-5645,EREPX2334A,"681, Koramangala, Sector 6",Pune,"[""ORDER_FULFILLMENT"",""MARKETING_SMS"",""CUSTOMER_ANALYTICS""]",Anjali!429261AD,2026-03-19T10:59:26.168Z
usr_0f1060fe3074,manish.pillai314@example.in,Manish Pillai,+919747312608,9506-3052-2417,ULEPL9364E,"746, MI Road, Sector 11",Lucknow,"[""ORDER_FULFILLMENT"",""MARKETING_SMS"",""CUSTOMER_ANALYTICS""]",Manish$3362AC21,2026-06-17T10:59:26.168Z
usr_c48177e34a97,rajesh.chatterjee315@example.in,Rajesh Chatterjee,+917630371871,6913-7107-3835,BOYPQ1661B,"125, Koramangala, Sector 2",Bengaluru,"[""ORDER_FULFILLMENT"",""MARKETING_SMS"",""CUSTOMER_ANALYTICS""]",Rajesh$66989042,2026-05-12T10:59:26.169Z
usr_a7eb5aeacc74,ritika.reddy316@example.in,Ritika Reddy,+917499729219,5097-6456-8056,XJPPL1161L,"170, Sector 17, Sector 19",Jaipur,"[""ORDER_FULFILLMENT"",""MARKETING_SMS"",""CUSTOMER_ANALYTICS""]",Ritika%17305611,2026-04-17T10:59:26.169Z
usr_00439a27157b,nikhil.nair317@example.in,Nikhil Nair,+919427688426,8513-7483-7940,UBCPL2235B,"307, Sector 17, Sector 5",Indore,"[""ORDER_FULFILLMENT"",""MARKETING_SMS"",""CUSTOMER_ANALYTICS""]",Nikhil@7945115E,2026-03-13T10:59:26.169Z
usr_56038d6e1919,ananya.gupta318@example.in,Ananya Gupta,+917841284877,9306-7488-7495,HFGPB1332U,"896, M.G. Road, Sector 13",Kochi,"[""ORDER_FULFILLMENT"",""MARKETING_SMS"",""CUSTOMER_ANALYTICS""]",Ananya%3658FC02,2026-05-22T10:59:26.169Z
usr_91550c4e72e1,pooja.patel319@example.in,Pooja Patel,+917944659685,2804-8958-1645,HZLPA7293Y,"23, Anna Salai, Sector 14",Kochi,"[""ORDER_FULFILLMENT"",""MARKETING_SMS"",""CUSTOMER_ANALYTICS""]",Pooja$9263BE51,2026-04-02T10:59:26.169Z
usr_d277b04fbefa,neha.chauhan320@example.in,Neha Chauhan,+919602827915,9530-9725-1029,HLPPC8583P,"461, Koramangala, Sector 23",Kolkata,"[""ORDER_FULFILLMENT"",""MARKETING_SMS"",""CUSTOMER_ANALYTICS""]",Neha$4408B9E5,2026-03-21T10:59:26.169Z
usr_a112929e0926,pallavi.nair321@example.in,Pallavi Nair,+917706136382,2566-9395-8158,VHVPY2541W,"113, Sector 17, Sector 14",Ahmedabad,"[""ORDER_FULFILLMENT"",""MARKETING_SMS"",""CUSTOMER_ANALYTICS""]",Pallavi@4831C57C,2026-03-16T10:59:26.169Z
usr_90efd7dae0db,aditya.kulkarni322@example.in,Aditya Kulkarni,+919966662994,2821-2333-7366,QIFPK3889P,"161, Indiranagar, Sector 19",Indore,"[""ORDER_FULFILLMENT"",""MARKETING_SMS"",""CUSTOMER_ANALYTICS""]",Aditya$3104A61D,2026-04-28T10:59:26.169Z
usr_32c749e7dd76,ritu.malhotra323@example.in,Ritu Malhotra,+918185791126,2296-4118-6302,PCVPR6992N,"874, Banjara Hills, Sector 13",Indore,"[""ORDER_FULFILLMENT"",""MARKETING_SMS"",""CUSTOMER_ANALYTICS""]",Ritu%1205FE98,2026-05-04T10:59:26.169Z
usr_2caef9ee7dc0,neha.mehta324@example.in,Neha Mehta,+918214670442,4718-1196-3598,COZPH2853F,"444, Indiranagar, Sector 26",Ahmedabad,"[""ORDER_FULFILLMENT"",""MARKETING_SMS"",""CUSTOMER_ANALYTICS""]",Neha%4618044E,2026-09-07T10:59:26.169Z
usr_37a3fce778f4,sneha.trivedi325@example.in,Sneha Trivedi,+918601798396,3395-1294-1623,HPDPE6947J,"572, Park Street, Sector 35",Pune,"[""ORDER_FULFILLMENT"",""MARKETING_SMS"",""CUSTOMER_ANALYTICS""]",Sneha!94264E41,2026-07-25T10:59:26.169Z
usr_d165369dcc2c,shweta.nair326@example.in,Shweta Nair,+917428819084,3198-2043-2922,HAWPO5986P,"44, M.G. Road, Sector 18",Ahmedabad,"[""ORDER_FULFILLMENT"",""MARKETING_SMS"",""CUSTOMER_ANALYTICS""]",Shweta&39614A64,2026-05-16T10:59:26.169Z
usr_bc39450caddb,sanjay.verma327@example.in,Sanjay Verma,+917150024069,9876-2566-3920,QDUPN2213M,"388, Koramangala, Sector 26",Hyderabad,"[""ORDER_FULFILLMENT"",""MARKETING_SMS"",""CUSTOMER_ANALYTICS""]",Sanjay@17466D32,2026-05-28T10:59:26.169Z
usr_570bc2c987db,shweta.chauhan328@example.in,Shweta Chauhan,+917265660089,4297-2818-6040,PBUPM9901Z,"628, SG Highway, Sector 28",Mumbai,"[""ORDER_FULFILLMENT"",""MARKETING_SMS"",""CUSTOMER_ANALYTICS""]",Shweta#57412A7D,2026-04-21T10:59:26.169Z
usr_cbc3be89be27,rahul.sharma329@example.in,Rahul Sharma,+919705228906,4915-8881-4444,LHLPE1378H,"362, Anna Salai, Sector 34",Delhi NCR,"[""ORDER_FULFILLMENT"",""MARKETING_SMS"",""CUSTOMER_ANALYTICS""]",Rahul#5724728B,2026-08-05T10:59:26.169Z
usr_d540b16a1b22,ritu.mishra330@example.in,Ritu Mishra,+917786319250,8999-1778-5884,GZGPM5495O,"932, Connaught Place, Sector 35",Mumbai,"[""ORDER_FULFILLMENT"",""MARKETING_SMS"",""CUSTOMER_ANALYTICS""]",Ritu%57437125,2026-08-30T10:59:26.169Z
usr_34a4b771b05b,amit.reddy331@example.in,Amit Reddy,+918537092137,6270-2253-1811,BYDPD4639Q,"445, Anna Salai, Sector 13",Bengaluru,"[""ORDER_FULFILLMENT"",""MARKETING_SMS"",""CUSTOMER_ANALYTICS""]",Amit#40503CFD,2026-04-03T10:59:26.169Z
usr_fd43d84674c6,ritu.iyer332@example.in,Ritu Iyer,+918284424628,2780-8906-5338,ZOPPB0546I,"557, Connaught Place, Sector 13",Bengaluru,"[""ORDER_FULFILLMENT"",""MARKETING_SMS"",""CUSTOMER_ANALYTICS""]",Ritu&462582DD,2026-07-12T10:59:26.169Z
usr_82444bd64e7f,simran.pandey333@example.in,Simran Pandey,+919214952423,8821-5376-2803,OORPZ8783A,"399, Connaught Place, Sector 42",Mumbai,"[""ORDER_FULFILLMENT"",""MARKETING_SMS"",""CUSTOMER_ANALYTICS""]",Simran%473215DF,2026-04-18T10:59:26.169Z
usr_c46250fad18f,aarav.mishra334@example.in,Aarav Mishra,+917690218730,8126-2937-8928,POJPN8037O,"543, Indiranagar, Sector 31",Hyderabad,"[""ORDER_FULFILLMENT"",""MARKETING_SMS"",""CUSTOMER_ANALYTICS""]",Aarav@8246AA34,2026-06-16T10:59:26.169Z
usr_0e0d6abc1fd6,kunal.patel335@example.in,Kunal Patel,+918739003052,9012-9204-8775,UUCPS2176K,"467, FC Road, Sector 4",Mumbai,"[""ORDER_FULFILLMENT"",""MARKETING_SMS"",""CUSTOMER_ANALYTICS""]",Kunal#956351CD,2026-05-24T10:59:26.169Z
usr_a66f25cfe5c2,rahul.menon336@example.in,Rahul Menon,+919516018134,6287-3450-4124,OWQPL8074Z,"888, Banjara Hills, Sector 29",Jaipur,"[""ORDER_FULFILLMENT"",""MARKETING_SMS"",""CUSTOMER_ANALYTICS""]",Rahul@9959225B,2026-04-26T10:59:26.169Z
usr_15c68b202fd1,gaurav.kumar337@example.in,Gaurav Kumar,+918996202713,2829-4660-1686,YWKPN0410G,"592, Connaught Place, Sector 34",Lucknow,"[""ORDER_FULFILLMENT"",""MARKETING_SMS"",""CUSTOMER_ANALYTICS""]",Gaurav@6155C4A9,2026-03-15T10:59:26.169Z
usr_cefbe8cd11a6,amit.reddy338@example.in,Amit Reddy,+919398002404,7707-7320-3774,NBBPW9050Q,"656, M.G. Road, Sector 24",Bengaluru,"[""ORDER_FULFILLMENT"",""MARKETING_SMS"",""CUSTOMER_ANALYTICS""]",Amit&620687FC,2026-09-02T10:59:26.169Z
usr_e7e7637e4a7f,harsh.patel339@example.in,Harsh Patel,+919185878618,6777-2409-7828,QDZPO6954C,"982, Park Street, Sector 31",Hyderabad,"[""ORDER_FULFILLMENT"",""MARKETING_SMS"",""CUSTOMER_ANALYTICS""]",Harsh$3219B072,2026-09-02T10:59:26.169Z
usr_e6b19a8d153b,abhishek.reddy340@example.in,Abhishek Reddy,+917765546031,5020-9225-8678,OIGPW0291Y,"353, Indiranagar, Sector 10",Pune,"[""ORDER_FULFILLMENT"",""MARKETING_SMS"",""CUSTOMER_ANALYTICS""]",Abhishek%4232B22F,2026-04-12T10:59:26.169Z
usr_c552677b570c,gaurav.kumar341@example.in,Gaurav Kumar,+917664211950,9163-9103-3981,LLZPU2888T,"716, M.G. Road, Sector 33",Jaipur,"[""ORDER_FULFILLMENT"",""MARKETING_SMS"",""CUSTOMER_ANALYTICS""]",Gaurav$276477DD,2026-05-29T10:59:26.169Z
usr_caae1a31e1d4,shweta.mehta342@example.in,Shweta Mehta,+917435639777,2818-9924-9522,IWKPY1815S,"643, M.G. Road, Sector 2",Jaipur,"[""ORDER_FULFILLMENT"",""MARKETING_SMS"",""CUSTOMER_ANALYTICS""]",Shweta!83587E6D,2026-04-18T10:59:26.169Z
usr_9e21c88b2d06,harsh.bhatia343@example.in,Harsh Bhatia,+919582682431,6795-8852-6209,QHSPB3472H,"16, SG Highway, Sector 28",Chandigarh,"[""ORDER_FULFILLMENT"",""MARKETING_SMS"",""CUSTOMER_ANALYTICS""]",Harsh#5910F8F7,2026-07-21T10:59:26.169Z
usr_ba2130167ee4,pallavi.kulkarni344@example.in,Pallavi Kulkarni,+919819599115,2187-8982-6843,YHFPQ0512M,"342, Brigade Road, Sector 42",Delhi NCR,"[""ORDER_FULFILLMENT"",""MARKETING_SMS"",""CUSTOMER_ANALYTICS""]",Pallavi#97559325,2026-03-24T10:59:26.169Z
usr_ef771511aca3,swati.kumar345@example.in,Swati Kumar,+918558462385,5501-5062-8972,JOPPX8577R,"756, Connaught Place, Sector 11",Chennai,"[""ORDER_FULFILLMENT"",""MARKETING_SMS"",""CUSTOMER_ANALYTICS""]",Swati@5449F9EA,2026-07-02T10:59:26.169Z
usr_a4270b644783,rahul.malhotra346@example.in,Rahul Malhotra,+918638940246,6090-2222-8152,QOZPO3455Q,"724, Brigade Road, Sector 4",Delhi NCR,"[""ORDER_FULFILLMENT"",""MARKETING_SMS"",""CUSTOMER_ANALYTICS""]",Rahul&39666A25,2026-05-08T10:59:26.169Z
usr_828a2d0240a4,deepika.deshmukh347@example.in,Deepika Deshmukh,+917237606240,3449-5759-8827,ITYPE4317X,"308, Brigade Road, Sector 5",Chandigarh,"[""ORDER_FULFILLMENT"",""MARKETING_SMS"",""CUSTOMER_ANALYTICS""]",Deepika&3111D242,2026-09-02T10:59:26.169Z
usr_7bb4de5bf8a8,meera.menon348@example.in,Meera Menon,+919455682959,2322-8791-4906,BGLPT1779U,"633, Connaught Place, Sector 23",Lucknow,"[""ORDER_FULFILLMENT"",""MARKETING_SMS"",""CUSTOMER_ANALYTICS""]",Meera#9516168F,2026-03-18T10:59:26.169Z
usr_7f6d126dc208,vikram.mukherjee349@example.in,Vikram Mukherjee,+918823105733,2965-3953-9763,TTBPN7423O,"934, MI Road, Sector 18",Kolkata,"[""ORDER_FULFILLMENT"",""MARKETING_SMS"",""CUSTOMER_ANALYTICS""]",Vikram%60635002,2026-07-18T10:59:26.169Z
usr_cfed680ca25d,simran.bose350@example.in,Simran Bose,+917276949936,4690-6572-7513,BLRPK4492A,"363, Brigade Road, Sector 9",Mumbai,"[""ORDER_FULFILLMENT"",""MARKETING_SMS"",""CUSTOMER_ANALYTICS""]",Simran%7402FAEA,2026-06-08T10:59:26.169Z
usr_7481099949d5,arjun.deshmukh351@example.in,Arjun Deshmukh,+917934510103,2934-6883-5214,HVZPD5790S,"940, Brigade Road, Sector 44",Kochi,"[""ORDER_FULFILLMENT"",""MARKETING_SMS"",""CUSTOMER_ANALYTICS""]",Arjun#24142AAB,2026-04-30T10:59:26.169Z
usr_596c59642f18,arjun.mishra352@example.in,Arjun Mishra,+918574387589,5482-1313-9763,UOOPJ0041L,"526, Brigade Road, Sector 26",Chandigarh,"[""ORDER_FULFILLMENT"",""MARKETING_SMS"",""CUSTOMER_ANALYTICS""]",Arjun#708742E7,2026-03-14T10:59:26.169Z
usr_65a3d8550696,abhishek.chauhan353@example.in,Abhishek Chauhan,+918316642313,4658-9261-8646,NFRPJ6946O,"524, FC Road, Sector 25",Bengaluru,"[""ORDER_FULFILLMENT"",""MARKETING_SMS"",""CUSTOMER_ANALYTICS""]",Abhishek!5104BCD1,2026-04-15T10:59:26.169Z
usr_10ff28208528,vikram.reddy354@example.in,Vikram Reddy,+917671652421,9526-9493-1842,YTVPK5324C,"324, Park Street, Sector 29",Pune,"[""ORDER_FULFILLMENT"",""MARKETING_SMS"",""CUSTOMER_ANALYTICS""]",Vikram%32036452,2026-08-19T10:59:26.169Z
usr_d7ec69e14402,anjali.bhatia355@example.in,Anjali Bhatia,+919612771651,9309-6672-1579,ZPCPX3543U,"963, Indiranagar, Sector 30",Jaipur,"[""ORDER_FULFILLMENT"",""MARKETING_SMS"",""CUSTOMER_ANALYTICS""]",Anjali#5051D372,2026-04-26T10:59:26.169Z
usr_a7efd75a41fa,anjali.reddy356@example.in,Anjali Reddy,+917369594849,2565-3770-8493,AHPPN0847P,"619, SG Highway, Sector 23",Bengaluru,"[""ORDER_FULFILLMENT"",""MARKETING_SMS"",""CUSTOMER_ANALYTICS""]",Anjali@204596AF,2026-09-05T10:59:26.169Z
usr_f10c53d195f7,amit.rao357@example.in,Amit Rao,+917526964537,8350-8177-8091,JOLPF5835J,"456, Koramangala, Sector 22",Indore,"[""ORDER_FULFILLMENT"",""MARKETING_SMS"",""CUSTOMER_ANALYTICS""]",Amit$8934D6D6,2026-06-11T10:59:26.169Z
usr_c2c3c6f5f0bb,tanvi.deshmukh358@example.in,Tanvi Deshmukh,+918688050993,7367-6935-9219,KYJPP9440E,"605, MI Road, Sector 39",Hyderabad,"[""ORDER_FULFILLMENT"",""MARKETING_SMS"",""CUSTOMER_ANALYTICS""]",Tanvi&97572A87,2026-05-20T10:59:26.169Z
usr_519e3e270b6b,sanjay.deshmukh359@example.in,Sanjay Deshmukh,+918743398387,4928-1395-3607,VZGPR2113B,"767, Park Street, Sector 22",Mumbai,"[""ORDER_FULFILLMENT"",""MARKETING_SMS"",""CUSTOMER_ANALYTICS""]",Sanjay%96173CAB,2026-04-11T10:59:26.169Z
usr_9e4b438aa8d7,divya.deshmukh360@example.in,Divya Deshmukh,+917107350252,6744-4772-5714,GZCPE9513L,"956, MI Road, Sector 8",Jaipur,"[""ORDER_FULFILLMENT"",""MARKETING_SMS"",""CUSTOMER_ANALYTICS""]",Divya!2161F6C2,2026-08-12T10:59:26.169Z
usr_65e3a9504b19,isha.malhotra361@example.in,Isha Malhotra,+918468531855,8441-9845-6221,ABGPK5718T,"680, Connaught Place, Sector 24",Chennai,"[""ORDER_FULFILLMENT"",""MARKETING_SMS"",""CUSTOMER_ANALYTICS""]",Isha@95235265,2026-06-07T10:59:26.169Z
usr_0e22b21a9c36,sanjay.agarwal362@example.in,Sanjay Agarwal,+918863921896,6968-6780-3362,IYXPX3882N,"54, SG Highway, Sector 41",Jaipur,"[""ORDER_FULFILLMENT"",""MARKETING_SMS"",""CUSTOMER_ANALYTICS""]",Sanjay&7980788D,2026-06-16T10:59:26.169Z
usr_aa80cc844827,anjali.singh363@example.in,Anjali Singh,+918994604150,3839-7361-4732,ZCDPM1843M,"581, MI Road, Sector 19",Bengaluru,"[""ORDER_FULFILLMENT"",""MARKETING_SMS"",""CUSTOMER_ANALYTICS""]",Anjali#6185E8DA,2026-05-27T10:59:26.169Z
usr_c61b754869ea,dev.chopra364@example.in,Dev Chopra,+917802483153,2743-2810-5309,MYGPI2131O,"268, Anna Salai, Sector 29",Indore,"[""ORDER_FULFILLMENT"",""MARKETING_SMS"",""CUSTOMER_ANALYTICS""]",Dev%7426191D,2026-03-27T10:59:26.169Z
usr_ab032be15372,pallavi.saxena365@example.in,Pallavi Saxena,+918485746475,3010-3322-3169,KRNPR8311V,"390, Sector 17, Sector 13",Chennai,"[""ORDER_FULFILLMENT"",""MARKETING_SMS"",""CUSTOMER_ANALYTICS""]",Pallavi!50112ABE,2026-07-28T10:59:26.169Z
usr_13522817a25b,deepika.patel366@example.in,Deepika Patel,+917977541322,8604-3565-9885,DMFPL5488F,"603, Koramangala, Sector 21",Hyderabad,"[""ORDER_FULFILLMENT"",""MARKETING_SMS"",""CUSTOMER_ANALYTICS""]",Deepika#28697561,2026-03-22T10:59:26.169Z
usr_871d6acf297a,karan.singh367@example.in,Karan Singh,+919500571921,4982-7731-4661,WXPPY5171U,"127, Park Street, Sector 11",Pune,"[""ORDER_FULFILLMENT"",""MARKETING_SMS"",""CUSTOMER_ANALYTICS""]",Karan%60021D88,2026-04-22T10:59:26.169Z
usr_cfdc8b0850ec,sanjay.rao368@example.in,Sanjay Rao,+918212259603,5668-7427-2577,GACPJ8152A,"544, Connaught Place, Sector 36",Kochi,"[""ORDER_FULFILLMENT"",""MARKETING_SMS"",""CUSTOMER_ANALYTICS""]",Sanjay!3550BAE6,2026-05-29T10:59:26.169Z
usr_90e08d48ec84,vikram.mishra369@example.in,Vikram Mishra,+917665342213,4015-7723-9108,JVUPB0156O,"667, MI Road, Sector 25",Indore,"[""ORDER_FULFILLMENT"",""MARKETING_SMS"",""CUSTOMER_ANALYTICS""]",Vikram#60309317,2026-05-26T10:59:26.169Z
usr_aac2562f618b,manish.saxena370@example.in,Manish Saxena,+918682849856,6515-7637-1464,DNGPY4100S,"190, Koramangala, Sector 44",Chennai,"[""ORDER_FULFILLMENT"",""MARKETING_SMS"",""CUSTOMER_ANALYTICS""]",Manish!2585AE69,2026-08-20T10:59:26.169Z
usr_0b2300f24a7d,kunal.kapoor371@example.in,Kunal Kapoor,+919879354371,2705-9074-1690,WZPPT5120C,"599, SG Highway, Sector 18",Chennai,"[""ORDER_FULFILLMENT"",""MARKETING_SMS"",""CUSTOMER_ANALYTICS""]",Kunal!804687E8,2026-06-18T10:59:26.169Z
usr_fc6489e1a8b9,priya.saxena372@example.in,Priya Saxena,+918640813089,7635-3928-8334,PJMPV7395U,"343, SG Highway, Sector 15",Lucknow,"[""ORDER_FULFILLMENT"",""MARKETING_SMS"",""CUSTOMER_ANALYTICS""]",Priya!9574F78A,2026-05-06T10:59:26.169Z
usr_467d1ccd8b62,sunita.sharma373@example.in,Sunita Sharma,+917139117124,8423-7014-8860,SZOPI4724U,"796, Indiranagar, Sector 17",Bengaluru,"[""ORDER_FULFILLMENT"",""MARKETING_SMS"",""CUSTOMER_ANALYTICS""]",Sunita@88461565,2026-08-06T10:59:26.169Z
usr_f37ab8657a67,priya.mukherjee374@example.in,Priya Mukherjee,+917390263644,9381-5293-3433,HNEPN9119D,"879, FC Road, Sector 36",Lucknow,"[""ORDER_FULFILLMENT"",""MARKETING_SMS"",""CUSTOMER_ANALYTICS""]",Priya&30537056,2026-05-25T10:59:26.169Z
usr_b4e1c27f0e2a,neha.bhattacharya375@example.in,Neha Bhattacharya,+918593777187,7241-1649-3219,FCQPL1252Q,"149, Indiranagar, Sector 39",Bengaluru,"[""ORDER_FULFILLMENT"",""MARKETING_SMS"",""CUSTOMER_ANALYTICS""]",Neha#69790E07,2026-03-16T10:59:26.169Z
usr_2a97df3c4035,sneha.gupta376@example.in,Sneha Gupta,+917433563412,7098-1531-4901,TPYPM8110R,"925, Brigade Road, Sector 26",Kochi,"[""ORDER_FULFILLMENT"",""MARKETING_SMS"",""CUSTOMER_ANALYTICS""]",Sneha$867555BD,2026-05-18T10:59:26.169Z
usr_40bf4bcb7915,anjali.bhattacharya377@example.in,Anjali Bhattacharya,+918598520941,6444-2534-5614,TNMPG8340Y,"125, Koramangala, Sector 37",Kochi,"[""ORDER_FULFILLMENT"",""MARKETING_SMS"",""CUSTOMER_ANALYTICS""]",Anjali&44640332,2026-06-15T10:59:26.169Z
usr_c4379e1758b0,deepika.reddy378@example.in,Deepika Reddy,+919911541954,9886-3252-1722,VLKPX7049Y,"645, FC Road, Sector 34",Bengaluru,"[""ORDER_FULFILLMENT"",""MARKETING_SMS"",""CUSTOMER_ANALYTICS""]",Deepika&56037132,2026-07-05T10:59:26.169Z
usr_db17e4c17373,rajesh.rao379@example.in,Rajesh Rao,+918301141475,7313-9810-3117,ANAPY1515K,"139, Sector 17, Sector 21",Kochi,"[""ORDER_FULFILLMENT"",""MARKETING_SMS"",""CUSTOMER_ANALYTICS""]",Rajesh@44100D0E,2026-07-02T10:59:26.169Z
usr_c8e3ebbb1dc5,amit.chopra380@example.in,Amit Chopra,+918173911400,5507-6649-5454,MMHPR7486P,"844, Sector 17, Sector 23",Chennai,"[""ORDER_FULFILLMENT"",""MARKETING_SMS"",""CUSTOMER_ANALYTICS""]",Amit$15410D50,2026-03-11T10:59:26.169Z
usr_df6990ce187e,arjun.trivedi381@example.in,Arjun Trivedi,+919956832286,9127-2173-9447,XVEPM9513S,"834, FC Road, Sector 28",Kochi,"[""ORDER_FULFILLMENT"",""MARKETING_SMS"",""CUSTOMER_ANALYTICS""]",Arjun%8358A609,2026-03-25T10:59:26.169Z
usr_da16c7008d19,aditya.mehta382@example.in,Aditya Mehta,+918386054121,7903-7238-7187,ZAFPJ3477O,"555, Banjara Hills, Sector 3",Indore,"[""ORDER_FULFILLMENT"",""MARKETING_SMS"",""CUSTOMER_ANALYTICS""]",Aditya#7987EDBE,2026-08-08T10:59:26.169Z
usr_c5cc2e903946,anjali.bhatia383@example.in,Anjali Bhatia,+918983556340,5481-9288-9382,RYRPN4962G,"123, SG Highway, Sector 28",Pune,"[""ORDER_FULFILLMENT"",""MARKETING_SMS"",""CUSTOMER_ANALYTICS""]",Anjali%43288318,2026-04-21T10:59:26.169Z
usr_c5972f6d19b8,tanvi.kapoor384@example.in,Tanvi Kapoor,+917324048535,5719-6837-5023,YDOPT5098M,"307, Sector 17, Sector 18",Bengaluru,"[""ORDER_FULFILLMENT"",""MARKETING_SMS"",""CUSTOMER_ANALYTICS""]",Tanvi!5911D70D,2026-07-09T10:59:26.169Z
usr_35d944d58873,arjun.trivedi385@example.in,Arjun Trivedi,+918632947219,9067-2316-4761,ZPBPL4631B,"74, Sector 17, Sector 1",Chandigarh,"[""ORDER_FULFILLMENT"",""MARKETING_SMS"",""CUSTOMER_ANALYTICS""]",Arjun!73687AF7,2026-08-28T10:59:26.169Z
usr_16bf5e97cd31,abhishek.pillai386@example.in,Abhishek Pillai,+917258926311,7569-6031-6256,UOBPB6492I,"785, Anna Salai, Sector 37",Kochi,"[""ORDER_FULFILLMENT"",""MARKETING_SMS"",""CUSTOMER_ANALYTICS""]",Abhishek#9130E153,2026-03-25T10:59:26.169Z
usr_d8a70eb1c273,vikram.bose387@example.in,Vikram Bose,+917689888061,2761-8795-5990,MDZPM0449W,"706, Koramangala, Sector 38",Mumbai,"[""ORDER_FULFILLMENT"",""MARKETING_SMS"",""CUSTOMER_ANALYTICS""]",Vikram#330755BA,2026-07-17T10:59:26.169Z
usr_dd23c3d3feda,rajesh.chatterjee388@example.in,Rajesh Chatterjee,+918662607141,5588-6204-8794,QXBPB0810W,"802, Brigade Road, Sector 29",Ahmedabad,"[""ORDER_FULFILLMENT"",""MARKETING_SMS"",""CUSTOMER_ANALYTICS""]",Rajesh@19584EF4,2026-03-15T10:59:26.169Z
usr_da8d00d130ca,dev.pandey389@example.in,Dev Pandey,+918171704312,2237-6424-7295,VURPF5233H,"529, Banjara Hills, Sector 25",Kolkata,"[""ORDER_FULFILLMENT"",""MARKETING_SMS"",""CUSTOMER_ANALYTICS""]",Dev%8510FA85,2026-08-06T10:59:26.169Z
usr_b67eeec80ead,sanjay.mukherjee390@example.in,Sanjay Mukherjee,+918293750535,4279-4993-3213,FJTPS1184I,"231, Connaught Place, Sector 11",Lucknow,"[""ORDER_FULFILLMENT"",""MARKETING_SMS"",""CUSTOMER_ANALYTICS""]",Sanjay@71228702,2026-05-16T10:59:26.169Z
usr_53b16f2b631a,sunita.bhatia391@example.in,Sunita Bhatia,+918644705205,2678-1733-5785,GRAPD2712U,"689, Anna Salai, Sector 9",Chennai,"[""ORDER_FULFILLMENT"",""MARKETING_SMS"",""CUSTOMER_ANALYTICS""]",Sunita%9346589D,2026-03-15T10:59:26.169Z
usr_fe9dc3a63323,tanvi.bhattacharya392@example.in,Tanvi Bhattacharya,+918413841504,4736-5439-3972,VZIPN2643Q,"720, Sector 17, Sector 18",Chandigarh,"[""ORDER_FULFILLMENT"",""MARKETING_SMS"",""CUSTOMER_ANALYTICS""]",Tanvi@6716E4C3,2026-05-01T10:59:26.169Z
usr_d149ffe49d9b,meera.patel393@example.in,Meera Patel,+918643828830,5988-4577-9268,OSMPK3421U,"163, MI Road, Sector 7",Jaipur,"[""ORDER_FULFILLMENT"",""MARKETING_SMS"",""CUSTOMER_ANALYTICS""]",Meera@1204DE56,2026-07-02T10:59:26.169Z
usr_3e17be4c08a5,gaurav.patel394@example.in,Gaurav Patel,+917587619667,2618-8745-2928,QSSPR2499B,"420, SG Highway, Sector 1",Jaipur,"[""ORDER_FULFILLMENT"",""MARKETING_SMS"",""CUSTOMER_ANALYTICS""]",Gaurav!794563AE,2026-04-24T10:59:26.169Z
usr_77804b4dec6a,sneha.verma395@example.in,Sneha Verma,+917790076251,5866-1669-7891,VBGPX7087N,"728, Koramangala, Sector 27",Delhi NCR,"[""ORDER_FULFILLMENT"",""MARKETING_SMS"",""CUSTOMER_ANALYTICS""]",Sneha&32762550,2026-07-13T10:59:26.169Z
usr_c548c7bd7c6d,alok.kumar396@example.in,Alok Kumar,+918496187651,6854-5324-5575,YPLPG9279L,"727, M.G. Road, Sector 3",Kolkata,"[""ORDER_FULFILLMENT"",""MARKETING_SMS"",""CUSTOMER_ANALYTICS""]",Alok%20399032,2026-07-16T10:59:26.169Z
usr_3f8ac555a689,meera.singh397@example.in,Meera Singh,+918787834807,2862-3646-9030,WOIPY2651A,"378, Koramangala, Sector 30",Jaipur,"[""ORDER_FULFILLMENT"",""MARKETING_SMS"",""CUSTOMER_ANALYTICS""]",Meera&480171BF,2026-07-07T10:59:26.169Z
usr_bf5934555348,isha.bose398@example.in,Isha Bose,+918446368668,5018-7308-7632,RRIPS8939U,"7, M.G. Road, Sector 13",Lucknow,"[""ORDER_FULFILLMENT"",""MARKETING_SMS"",""CUSTOMER_ANALYTICS""]",Isha#21095587,2026-06-20T10:59:26.169Z
usr_2df26e9c6a59,pallavi.mishra399@example.in,Pallavi Mishra,+918863091090,5765-5964-8553,WUUPI4172Q,"866, Anna Salai, Sector 15",Jaipur,"[""ORDER_FULFILLMENT"",""MARKETING_SMS"",""CUSTOMER_ANALYTICS""]",Pallavi@2991D01D,2026-07-02T10:59:26.169Z
usr_61c41c7c2f21,siddharth.joshi400@example.in,Siddharth Joshi,+917254799940,9172-5570-2645,IFCPF8321N,"556, Park Street, Sector 6",Kochi,"[""ORDER_FULFILLMENT"",""MARKETING_SMS"",""CUSTOMER_ANALYTICS""]",Siddharth@8106CAF5,2026-07-19T10:59:26.169Z
usr_c635d9548671,vikram.reddy401@example.in,Vikram Reddy,+919578814473,2297-4833-6090,QXEPT0569C,"600, M.G. Road, Sector 2",Jaipur,"[""ORDER_FULFILLMENT"",""MARKETING_SMS"",""CUSTOMER_ANALYTICS""]",Vikram@4151BEF1,2026-07-24T10:59:26.169Z
usr_707990444399,priya.mehta402@example.in,Priya Mehta,+918303342215,7609-5192-1804,TOHPY0472N,"230, Koramangala, Sector 21",Kochi,"[""ORDER_FULFILLMENT"",""MARKETING_SMS"",""CUSTOMER_ANALYTICS""]",Priya%25888838,2026-03-29T10:59:26.169Z
usr_9f8a3a3d1cb5,simran.bose403@example.in,Simran Bose,+919518156211,6666-1728-3799,DHJPP6439X,"910, Park Street, Sector 45",Mumbai,"[""ORDER_FULFILLMENT"",""MARKETING_SMS"",""CUSTOMER_ANALYTICS""]",Simran!7683A18D,2026-06-26T10:59:26.169Z
usr_28f7dace1da4,deepika.pillai404@example.in,Deepika Pillai,+917324632079,8365-9250-7822,DUVPY3437Z,"806, FC Road, Sector 32",Ahmedabad,"[""ORDER_FULFILLMENT"",""MARKETING_SMS"",""CUSTOMER_ANALYTICS""]",Deepika!22896EEB,2026-04-18T10:59:26.169Z
usr_ed183424f4d9,neha.deshmukh405@example.in,Neha Deshmukh,+918922048272,9831-9866-9318,ANCPB2634F,"584, Brigade Road, Sector 25",Jaipur,"[""ORDER_FULFILLMENT"",""MARKETING_SMS"",""CUSTOMER_ANALYTICS""]",Neha#16872D75,2026-07-12T10:59:26.169Z
usr_138d95580c3a,karan.chauhan406@example.in,Karan Chauhan,+919686348325,6561-7125-8310,CJGPK5159I,"398, Park Street, Sector 30",Hyderabad,"[""ORDER_FULFILLMENT"",""MARKETING_SMS"",""CUSTOMER_ANALYTICS""]",Karan!9486A5B0,2026-04-19T10:59:26.169Z
usr_d04a81066707,siddharth.malhotra407@example.in,Siddharth Malhotra,+917243417622,8735-2245-8121,DJQPQ9799O,"154, Park Street, Sector 39",Indore,"[""ORDER_FULFILLMENT"",""MARKETING_SMS"",""CUSTOMER_ANALYTICS""]",Siddharth@86526DC5,2026-07-15T10:59:26.169Z
usr_2d119cef8c1f,ritu.malhotra408@example.in,Ritu Malhotra,+919587359638,3738-4410-7437,ITGPZ4994J,"685, Connaught Place, Sector 32",Bengaluru,"[""ORDER_FULFILLMENT"",""MARKETING_SMS"",""CUSTOMER_ANALYTICS""]",Ritu$707069AB,2026-04-23T10:59:26.169Z
usr_fd62165895de,abhishek.mehta409@example.in,Abhishek Mehta,+917574116257,7708-9456-1505,TXYPK8845V,"278, Anna Salai, Sector 8",Delhi NCR,"[""ORDER_FULFILLMENT"",""MARKETING_SMS"",""CUSTOMER_ANALYTICS""]",Abhishek$8935D9B6,2026-03-28T10:59:26.169Z
usr_21031a492d8b,harsh.malhotra410@example.in,Harsh Malhotra,+917625250183,5234-9001-7827,SECPM3499V,"312, Koramangala, Sector 31",Hyderabad,"[""ORDER_FULFILLMENT"",""MARKETING_SMS"",""CUSTOMER_ANALYTICS""]",Harsh$611758B5,2026-07-19T10:59:26.169Z
usr_d4734ccf7413,varun.chatterjee411@example.in,Varun Chatterjee,+917665738836,5804-7940-3777,BEQPD3947P,"590, Indiranagar, Sector 38",Chennai,"[""ORDER_FULFILLMENT"",""MARKETING_SMS"",""CUSTOMER_ANALYTICS""]",Varun$575904B1,2026-06-14T10:59:26.169Z
usr_5b44cdf5c3b9,rahul.mishra412@example.in,Rahul Mishra,+917814675347,9378-9038-8105,BFRPV1215H,"536, FC Road, Sector 20",Jaipur,"[""ORDER_FULFILLMENT"",""MARKETING_SMS"",""CUSTOMER_ANALYTICS""]",Rahul$15935613,2026-06-13T10:59:26.169Z
usr_d6d8265a5d82,sneha.gupta413@example.in,Sneha Gupta,+919486525917,7506-2003-7187,OQGPV8340P,"427, Banjara Hills, Sector 34",Lucknow,"[""ORDER_FULFILLMENT"",""MARKETING_SMS"",""CUSTOMER_ANALYTICS""]",Sneha#523076C5,2026-07-24T10:59:26.169Z
usr_3b873f8f265e,arjun.bhattacharya414@example.in,Arjun Bhattacharya,+917367249785,6094-8545-8820,WNMPS7876B,"869, M.G. Road, Sector 37",Chandigarh,"[""ORDER_FULFILLMENT"",""MARKETING_SMS"",""CUSTOMER_ANALYTICS""]",Arjun@47429D1A,2026-03-16T10:59:26.169Z
usr_fbcccf41ed9e,deepika.patel415@example.in,Deepika Patel,+918903412205,6523-6917-7070,YFVPN1003W,"229, Koramangala, Sector 15",Delhi NCR,"[""ORDER_FULFILLMENT"",""MARKETING_SMS"",""CUSTOMER_ANALYTICS""]",Deepika!57580854,2026-06-14T10:59:26.169Z
usr_a73520d3da5f,shweta.menon416@example.in,Shweta Menon,+919338400432,7938-4151-6216,NFTPW1109P,"65, Indiranagar, Sector 32",Delhi NCR,"[""ORDER_FULFILLMENT"",""MARKETING_SMS"",""CUSTOMER_ANALYTICS""]",Shweta$91233407,2026-08-17T10:59:26.169Z
usr_0cf6e6652c3c,ananya.mukherjee417@example.in,Ananya Mukherjee,+917439654697,9991-8279-8074,ZDEPM6838Y,"674, MI Road, Sector 3",Chennai,"[""ORDER_FULFILLMENT"",""MARKETING_SMS"",""CUSTOMER_ANALYTICS""]",Ananya@3279770F,2026-04-03T10:59:26.169Z
usr_da82a53c8d1d,ritu.verma418@example.in,Ritu Verma,+918625456011,9348-2388-6902,FZDPD0366O,"730, MI Road, Sector 20",Chandigarh,"[""ORDER_FULFILLMENT"",""MARKETING_SMS"",""CUSTOMER_ANALYTICS""]",Ritu$9254FD21,2026-05-21T10:59:26.169Z
usr_c5559e6e77a1,priya.joshi419@example.in,Priya Joshi,+919692567589,2654-1908-8395,MZFPD3827A,"596, Anna Salai, Sector 32",Indore,"[""ORDER_FULFILLMENT"",""MARKETING_SMS"",""CUSTOMER_ANALYTICS""]",Priya%5954085C,2026-04-29T10:59:26.169Z
usr_3f78bf1c6f1f,simran.reddy420@example.in,Simran Reddy,+919475974530,6021-4107-4390,BGGPK3241F,"319, Banjara Hills, Sector 23",Hyderabad,"[""ORDER_FULFILLMENT"",""MARKETING_SMS"",""CUSTOMER_ANALYTICS""]",Simran$80157A99,2026-03-20T10:59:26.169Z
usr_067981aa1ee1,aditya.sharma421@example.in,Aditya Sharma,+919436992728,4459-2493-8584,MBJPY1362H,"808, Anna Salai, Sector 13",Pune,"[""ORDER_FULFILLMENT"",""MARKETING_SMS"",""CUSTOMER_ANALYTICS""]",Aditya$279867C3,2026-05-11T10:59:26.169Z
usr_15189c6795f0,arjun.iyer422@example.in,Arjun Iyer,+919975549419,3147-5003-7411,IGPPC5532A,"100, SG Highway, Sector 15",Delhi NCR,"[""ORDER_FULFILLMENT"",""MARKETING_SMS"",""CUSTOMER_ANALYTICS""]",Arjun#528849E3,2026-08-12T10:59:26.169Z
usr_fc3d58bc7da6,karan.reddy423@example.in,Karan Reddy,+917353357533,5817-8887-4879,GVMPB7627U,"196, Banjara Hills, Sector 17",Hyderabad,"[""ORDER_FULFILLMENT"",""MARKETING_SMS"",""CUSTOMER_ANALYTICS""]",Karan%8600D2F8,2026-03-13T10:59:26.169Z
usr_04338228415a,simran.patel424@example.in,Simran Patel,+918743670920,4480-1394-2693,AFEPV1495S,"670, Sector 17, Sector 38",Jaipur,"[""ORDER_FULFILLMENT"",""MARKETING_SMS"",""CUSTOMER_ANALYTICS""]",Simran&64277A5B,2026-08-24T10:59:26.169Z
usr_6b0dae4f6826,deepika.saxena425@example.in,Deepika Saxena,+917921890890,9723-4892-5227,FYAPV4494K,"647, Anna Salai, Sector 12",Delhi NCR,"[""ORDER_FULFILLMENT"",""MARKETING_SMS"",""CUSTOMER_ANALYTICS""]",Deepika@9075C9FF,2026-03-21T10:59:26.169Z
usr_d0f7fc1be16c,alok.malhotra426@example.in,Alok Malhotra,+917556467299,3157-5623-4639,NCBPH4103F,"183, Anna Salai, Sector 31",Chandigarh,"[""ORDER_FULFILLMENT"",""MARKETING_SMS"",""CUSTOMER_ANALYTICS""]",Alok#35169FF1,2026-05-09T10:59:26.169Z
usr_ccdc8e8cf56c,aarav.trivedi427@example.in,Aarav Trivedi,+917461052137,8470-9039-4186,JJZPW5271M,"732, Banjara Hills, Sector 41",Indore,"[""ORDER_FULFILLMENT"",""MARKETING_SMS"",""CUSTOMER_ANALYTICS""]",Aarav!5429D9B4,2026-03-31T10:59:26.169Z
usr_d236d27a68e5,kavita.kapoor428@example.in,Kavita Kapoor,+918434473993,8053-2431-3801,HYTPR6374T,"406, Park Street, Sector 17",Delhi NCR,"[""ORDER_FULFILLMENT"",""MARKETING_SMS"",""CUSTOMER_ANALYTICS""]",Kavita%38725592,2026-07-13T10:59:26.169Z
usr_cfc14ff2bf40,ananya.menon429@example.in,Ananya Menon,+917285589409,8192-2214-2411,PXFPL1454J,"859, Park Street, Sector 41",Delhi NCR,"[""ORDER_FULFILLMENT"",""MARKETING_SMS"",""CUSTOMER_ANALYTICS""]",Ananya#4885A72E,2026-08-13T10:59:26.169Z
usr_ba14999f181b,alok.gupta430@example.in,Alok Gupta,+917785200759,6184-5208-4088,XQAPG4486K,"172, Koramangala, Sector 9",Mumbai,"[""ORDER_FULFILLMENT"",""MARKETING_SMS"",""CUSTOMER_ANALYTICS""]",Alok!95341689,2026-03-16T10:59:26.169Z
usr_0be7cdc50f91,tanvi.pillai431@example.in,Tanvi Pillai,+919931200116,8957-3905-4467,TMXPC4141N,"353, MI Road, Sector 14",Mumbai,"[""ORDER_FULFILLMENT"",""MARKETING_SMS"",""CUSTOMER_ANALYTICS""]",Tanvi@245997D0,2026-06-30T10:59:26.169Z
usr_0d774fac42c3,sneha.mehta432@example.in,Sneha Mehta,+918460749230,6399-3447-5451,AHKPX5885L,"390, Koramangala, Sector 7",Hyderabad,"[""ORDER_FULFILLMENT"",""MARKETING_SMS"",""CUSTOMER_ANALYTICS""]",Sneha&6205452C,2026-03-14T10:59:26.169Z
usr_9337492ba8d0,shweta.saxena433@example.in,Shweta Saxena,+918179228933,6606-5850-8544,LPKPB7297V,"955, Indiranagar, Sector 14",Kolkata,"[""ORDER_FULFILLMENT"",""MARKETING_SMS"",""CUSTOMER_ANALYTICS""]",Shweta@11382CE1,2026-04-13T10:59:26.169Z
usr_0d642b2e8023,arjun.chauhan434@example.in,Arjun Chauhan,+918844107730,5882-1168-7036,TBQPL2903I,"601, Koramangala, Sector 3",Delhi NCR,"[""ORDER_FULFILLMENT"",""MARKETING_SMS"",""CUSTOMER_ANALYTICS""]",Arjun&7454E271,2026-08-18T10:59:26.169Z
usr_2d281b80e436,siddharth.reddy435@example.in,Siddharth Reddy,+918518228346,7562-1545-6369,LZQPG1194Z,"14, Indiranagar, Sector 13",Kochi,"[""ORDER_FULFILLMENT"",""MARKETING_SMS"",""CUSTOMER_ANALYTICS""]",Siddharth#8770A55D,2026-07-31T10:59:26.169Z
usr_a7622ba06ad9,ananya.singh436@example.in,Ananya Singh,+919770791021,7498-5687-5795,WKVPM4211P,"154, Sector 17, Sector 19",Delhi NCR,"[""ORDER_FULFILLMENT"",""MARKETING_SMS"",""CUSTOMER_ANALYTICS""]",Ananya&80061B9F,2026-05-03T10:59:26.169Z
usr_08f7ed9de618,shweta.bose437@example.in,Shweta Bose,+918458291433,9182-7262-6177,CJKPD6186S,"973, Sector 17, Sector 30",Delhi NCR,"[""ORDER_FULFILLMENT"",""MARKETING_SMS"",""CUSTOMER_ANALYTICS""]",Shweta!83548AF8,2026-06-06T10:59:26.170Z
usr_b2b1aa594e80,harsh.mishra438@example.in,Harsh Mishra,+917541985526,4097-2298-1650,QKMPC9280K,"442, M.G. Road, Sector 38",Mumbai,"[""ORDER_FULFILLMENT"",""MARKETING_SMS"",""CUSTOMER_ANALYTICS""]",Harsh@8219CC14,2026-05-04T10:59:26.170Z
usr_5cf494a3f1ac,simran.bose439@example.in,Simran Bose,+917346780998,8118-2597-4210,EFQPR8627V,"67, Indiranagar, Sector 40",Indore,"[""ORDER_FULFILLMENT"",""MARKETING_SMS"",""CUSTOMER_ANALYTICS""]",Simran!5443B2E9,2026-09-03T10:59:26.170Z
usr_60c364b6511a,anjali.bhatia440@example.in,Anjali Bhatia,+919418143998,8745-8264-4489,RVGPI9895A,"621, FC Road, Sector 42",Delhi NCR,"[""ORDER_FULFILLMENT"",""MARKETING_SMS"",""CUSTOMER_ANALYTICS""]",Anjali$50738EDD,2026-07-18T10:59:26.170Z
usr_03a834140255,kunal.bose441@example.in,Kunal Bose,+918811858646,2958-8481-7665,JCFPT1214U,"182, Sector 17, Sector 30",Mumbai,"[""ORDER_FULFILLMENT"",""MARKETING_SMS"",""CUSTOMER_ANALYTICS""]",Kunal@63686FB9,2026-09-07T10:59:26.170Z
usr_5a01cc69361c,pooja.reddy442@example.in,Pooja Reddy,+919375633442,3633-2346-1437,IFAPF7681H,"759, Koramangala, Sector 39",Kochi,"[""ORDER_FULFILLMENT"",""MARKETING_SMS"",""CUSTOMER_ANALYTICS""]",Pooja$95451B43,2026-04-19T10:59:26.170Z
usr_353506b3f082,simran.reddy443@example.in,Simran Reddy,+917342626012,3076-7619-5846,NNLPR8181D,"83, Anna Salai, Sector 4",Lucknow,"[""ORDER_FULFILLMENT"",""MARKETING_SMS"",""CUSTOMER_ANALYTICS""]",Simran!3327DE86,2026-06-01T10:59:26.170Z
usr_88bff9179174,nikhil.verma444@example.in,Nikhil Verma,+917767906174,8249-5565-6880,LEFPR1252T,"931, SG Highway, Sector 2",Indore,"[""ORDER_FULFILLMENT"",""MARKETING_SMS"",""CUSTOMER_ANALYTICS""]",Nikhil%833708C6,2026-04-03T10:59:26.170Z
usr_55a9e16d93f7,divya.saxena445@example.in,Divya Saxena,+919556233559,7700-9027-1116,HFVPW9933M,"70, MI Road, Sector 33",Bengaluru,"[""ORDER_FULFILLMENT"",""MARKETING_SMS"",""CUSTOMER_ANALYTICS""]",Divya&35114346,2026-05-15T10:59:26.170Z
usr_1689c05e846d,rahul.chatterjee446@example.in,Rahul Chatterjee,+919274512811,5876-5467-9572,ELXPW6158X,"773, Brigade Road, Sector 1",Ahmedabad,"[""ORDER_FULFILLMENT"",""MARKETING_SMS"",""CUSTOMER_ANALYTICS""]",Rahul$76794405,2026-06-17T10:59:26.170Z
usr_75c8ee153902,kunal.joshi447@example.in,Kunal Joshi,+917139497932,6784-4244-2352,NIVPC7813A,"184, SG Highway, Sector 15",Kolkata,"[""ORDER_FULFILLMENT"",""MARKETING_SMS"",""CUSTOMER_ANALYTICS""]",Kunal&2862F5C5,2026-04-12T10:59:26.170Z
usr_a79ca86c0533,nikhil.chatterjee448@example.in,Nikhil Chatterjee,+917195797431,2930-7481-3209,BYXPG2141A,"705, Connaught Place, Sector 36",Indore,"[""ORDER_FULFILLMENT"",""MARKETING_SMS"",""CUSTOMER_ANALYTICS""]",Nikhil$72919725,2026-08-09T10:59:26.170Z
usr_dc2ff9a37595,nikhil.bose449@example.in,Nikhil Bose,+917723015065,3761-5612-3318,CSPPQ5686E,"24, Anna Salai, Sector 20",Lucknow,"[""ORDER_FULFILLMENT"",""MARKETING_SMS"",""CUSTOMER_ANALYTICS""]",Nikhil!32931597,2026-04-27T10:59:26.170Z
usr_994640b21e0e,rajesh.verma450@example.in,Rajesh Verma,+918703921996,6255-3782-5577,NXVPZ4076V,"509, MI Road, Sector 23",Chandigarh,"[""ORDER_FULFILLMENT"",""MARKETING_SMS"",""CUSTOMER_ANALYTICS""]",Rajesh$8770C93D,2026-06-03T10:59:26.170Z
usr_3f41a8cc520b,karan.rao451@example.in,Karan Rao,+917520762838,3203-3014-2253,HWMPC2423D,"853, Koramangala, Sector 33",Lucknow,"[""ORDER_FULFILLMENT"",""MARKETING_SMS"",""CUSTOMER_ANALYTICS""]",Karan@718129A1,2026-09-05T10:59:26.170Z
usr_9b81cd78fdfe,dev.mishra452@example.in,Dev Mishra,+919550610332,3267-2316-9139,ZPVPK5583F,"953, Park Street, Sector 18",Kochi,"[""ORDER_FULFILLMENT"",""MARKETING_SMS"",""CUSTOMER_ANALYTICS""]",Dev%42519C0F,2026-03-15T10:59:26.170Z
usr_b57743174a39,tanvi.bhatia453@example.in,Tanvi Bhatia,+917284481164,2799-7438-6935,ZTAPV1771N,"415, Park Street, Sector 29",Lucknow,"[""ORDER_FULFILLMENT"",""MARKETING_SMS"",""CUSTOMER_ANALYTICS""]",Tanvi$57254541,2026-08-30T10:59:26.170Z
usr_356cf063654f,sneha.mehta454@example.in,Sneha Mehta,+917853767521,2472-8820-3228,ORDPF4781S,"259, Indiranagar, Sector 16",Indore,"[""ORDER_FULFILLMENT"",""MARKETING_SMS"",""CUSTOMER_ANALYTICS""]",Sneha&73486604,2026-03-28T10:59:26.170Z
usr_2faefb62e729,vikram.kumar455@example.in,Vikram Kumar,+918850248248,9286-3175-4764,SJYPM2865N,"458, FC Road, Sector 25",Ahmedabad,"[""ORDER_FULFILLMENT"",""MARKETING_SMS"",""CUSTOMER_ANALYTICS""]",Vikram&32082927,2026-07-29T10:59:26.170Z
usr_6150484f1ed8,dev.mehta456@example.in,Dev Mehta,+919335524771,4514-7764-2127,GGLPM9756N,"266, FC Road, Sector 5",Ahmedabad,"[""ORDER_FULFILLMENT"",""MARKETING_SMS"",""CUSTOMER_ANALYTICS""]",Dev%8771DE3F,2026-08-24T10:59:26.170Z
usr_17186b3ed77a,pallavi.bose457@example.in,Pallavi Bose,+919228441249,3562-1509-1585,NRLPF0569D,"46, M.G. Road, Sector 13",Hyderabad,"[""ORDER_FULFILLMENT"",""MARKETING_SMS"",""CUSTOMER_ANALYTICS""]",Pallavi#39529EFD,2026-07-23T10:59:26.170Z
usr_78c331e51192,alok.rao458@example.in,Alok Rao,+919743737738,7706-3858-9963,PWCPK9080A,"619, FC Road, Sector 41",Kolkata,"[""ORDER_FULFILLMENT"",""MARKETING_SMS"",""CUSTOMER_ANALYTICS""]",Alok&4454F419,2026-08-22T10:59:26.170Z
usr_086f6cd0b45f,harsh.bhattacharya459@example.in,Harsh Bhattacharya,+918493002957,6292-3125-4831,VIJPC0302I,"511, SG Highway, Sector 1",Kolkata,"[""ORDER_FULFILLMENT"",""MARKETING_SMS"",""CUSTOMER_ANALYTICS""]",Harsh$85163723,2026-06-13T10:59:26.170Z
usr_2174282a4991,abhishek.kumar460@example.in,Abhishek Kumar,+919997186524,6272-1280-9399,NWLPP6002F,"704, Sector 17, Sector 16",Bengaluru,"[""ORDER_FULFILLMENT"",""MARKETING_SMS"",""CUSTOMER_ANALYTICS""]",Abhishek$6759ACAC,2026-03-28T10:59:26.170Z
usr_0c838483fe9b,meera.bhattacharya461@example.in,Meera Bhattacharya,+918253147084,5485-1401-1139,NQNPM4041M,"114, M.G. Road, Sector 27",Chandigarh,"[""ORDER_FULFILLMENT"",""MARKETING_SMS"",""CUSTOMER_ANALYTICS""]",Meera%4387B2B8,2026-08-25T10:59:26.170Z
usr_370e36d88dbb,alok.kapoor462@example.in,Alok Kapoor,+918488812661,3056-2841-2933,DBPPK1305T,"35, Koramangala, Sector 44",Kochi,"[""ORDER_FULFILLMENT"",""MARKETING_SMS"",""CUSTOMER_ANALYTICS""]",Alok#8828C15C,2026-04-16T10:59:26.170Z
usr_67367a80ecee,shweta.chatterjee463@example.in,Shweta Chatterjee,+919846302199,9852-8740-1634,XOJPF8037U,"253, MI Road, Sector 10",Chennai,"[""ORDER_FULFILLMENT"",""MARKETING_SMS"",""CUSTOMER_ANALYTICS""]",Shweta$93815E99,2026-05-10T10:59:26.170Z
usr_804b242f9bc5,neha.malhotra464@example.in,Neha Malhotra,+919162980184,6824-3532-8618,SNRPO4503H,"893, Park Street, Sector 18",Mumbai,"[""ORDER_FULFILLMENT"",""MARKETING_SMS"",""CUSTOMER_ANALYTICS""]",Neha%1116584C,2026-08-12T10:59:26.170Z
usr_4af70796660c,rajesh.bhatia465@example.in,Rajesh Bhatia,+919938595479,9361-5818-7280,IWSPR8014A,"557, SG Highway, Sector 42",Lucknow,"[""ORDER_FULFILLMENT"",""MARKETING_SMS"",""CUSTOMER_ANALYTICS""]",Rajesh!2916352B,2026-08-15T10:59:26.170Z
usr_b20044dab5d8,tanvi.mukherjee466@example.in,Tanvi Mukherjee,+919575118462,7996-3529-6675,VSZPZ3856S,"692, Koramangala, Sector 4",Chandigarh,"[""ORDER_FULFILLMENT"",""MARKETING_SMS"",""CUSTOMER_ANALYTICS""]",Tanvi#5135CDA8,2026-05-20T10:59:26.170Z
usr_cebb3b4a45e8,shweta.verma467@example.in,Shweta Verma,+918800701501,3005-4793-9622,YKIPP3480U,"540, Brigade Road, Sector 13",Jaipur,"[""ORDER_FULFILLMENT"",""MARKETING_SMS"",""CUSTOMER_ANALYTICS""]",Shweta@7060A13F,2026-05-23T10:59:26.170Z
usr_816d7f8a121c,neha.bhattacharya468@example.in,Neha Bhattacharya,+919352608433,4019-8105-3398,PZMPO4498I,"302, Sector 17, Sector 4",Hyderabad,"[""ORDER_FULFILLMENT"",""MARKETING_SMS"",""CUSTOMER_ANALYTICS""]",Neha%9488043F,2026-06-11T10:59:26.170Z
usr_203b0678bff2,sunita.nair469@example.in,Sunita Nair,+919622135771,8959-5557-9374,STRPL7162Q,"213, M.G. Road, Sector 1",Indore,"[""ORDER_FULFILLMENT"",""MARKETING_SMS"",""CUSTOMER_ANALYTICS""]",Sunita%6949B558,2026-03-11T10:59:26.170Z
usr_3e791b44da7b,neha.deshmukh470@example.in,Neha Deshmukh,+919517548907,8383-7133-1252,EDLPD4168Y,"73, Connaught Place, Sector 19",Hyderabad,"[""ORDER_FULFILLMENT"",""MARKETING_SMS"",""CUSTOMER_ANALYTICS""]",Neha#6904A0CE,2026-06-02T10:59:26.170Z
usr_c25abfd939c4,rahul.pillai471@example.in,Rahul Pillai,+917933002113,8108-2758-6291,FEAPB2796A,"641, Park Street, Sector 5",Mumbai,"[""ORDER_FULFILLMENT"",""MARKETING_SMS"",""CUSTOMER_ANALYTICS""]",Rahul@6715B56F,2026-08-26T10:59:26.170Z
usr_2c17aa644646,isha.gupta472@example.in,Isha Gupta,+917684178148,3807-4015-4537,ZPRPD9357O,"57, Brigade Road, Sector 19",Mumbai,"[""ORDER_FULFILLMENT"",""MARKETING_SMS"",""CUSTOMER_ANALYTICS""]",Isha@38535729,2026-07-08T10:59:26.170Z
usr_2558fd79b74f,karan.mehta473@example.in,Karan Mehta,+918831799622,7041-4858-7067,MGBPG5193Y,"2, M.G. Road, Sector 32",Pune,"[""ORDER_FULFILLMENT"",""MARKETING_SMS"",""CUSTOMER_ANALYTICS""]",Karan@2460026C,2026-07-13T10:59:26.170Z
usr_81312bd0b219,divya.kulkarni474@example.in,Divya Kulkarni,+919359094121,8678-9545-4429,VXFPL2478O,"825, Brigade Road, Sector 6",Indore,"[""ORDER_FULFILLMENT"",""MARKETING_SMS"",""CUSTOMER_ANALYTICS""]",Divya%8536D514,2026-05-15T10:59:26.170Z
usr_8f53c13b6d76,vikram.trivedi475@example.in,Vikram Trivedi,+918624826221,5961-4648-5092,VWKPC6339M,"620, Indiranagar, Sector 44",Lucknow,"[""ORDER_FULFILLMENT"",""MARKETING_SMS"",""CUSTOMER_ANALYTICS""]",Vikram$9439E2EB,2026-05-24T10:59:26.170Z
usr_cccd38f2dabe,gaurav.chopra476@example.in,Gaurav Chopra,+917897665129,7712-1396-1713,JOUPF8615D,"751, Koramangala, Sector 8",Mumbai,"[""ORDER_FULFILLMENT"",""MARKETING_SMS"",""CUSTOMER_ANALYTICS""]",Gaurav!225205F4,2026-04-30T10:59:26.170Z
usr_78c373ea6be7,ritu.kapoor477@example.in,Ritu Kapoor,+918433020440,6851-3665-1610,HYOPA2837J,"952, Indiranagar, Sector 5",Mumbai,"[""ORDER_FULFILLMENT"",""MARKETING_SMS"",""CUSTOMER_ANALYTICS""]",Ritu&717355E3,2026-08-02T10:59:26.170Z
usr_570e8659f79d,kavita.nair478@example.in,Kavita Nair,+917604905664,9210-4382-5394,ISDPD4907E,"986, SG Highway, Sector 39",Indore,"[""ORDER_FULFILLMENT"",""MARKETING_SMS"",""CUSTOMER_ANALYTICS""]",Kavita%8468BC27,2026-05-03T10:59:26.170Z
usr_4843163ade73,karan.singh479@example.in,Karan Singh,+919580258207,7297-8206-5696,FCJPT2235F,"336, FC Road, Sector 43",Lucknow,"[""ORDER_FULFILLMENT"",""MARKETING_SMS"",""CUSTOMER_ANALYTICS""]",Karan!9124B865,2026-07-28T10:59:26.170Z
usr_d5edbd0c3b4c,amit.saxena480@example.in,Amit Saxena,+919994462817,7199-8191-7192,GWYPV0885I,"89, Banjara Hills, Sector 35",Indore,"[""ORDER_FULFILLMENT"",""MARKETING_SMS"",""CUSTOMER_ANALYTICS""]",Amit&7705AE2B,2026-05-07T10:59:26.170Z
usr_79acf03ddd5f,karan.malhotra481@example.in,Karan Malhotra,+917582857227,3399-8906-6160,UMQPC8882O,"937, Anna Salai, Sector 32",Kochi,"[""ORDER_FULFILLMENT"",""MARKETING_SMS"",""CUSTOMER_ANALYTICS""]",Karan$7373CE31,2026-04-04T10:59:26.170Z
usr_a47a02fb9198,alok.mehta482@example.in,Alok Mehta,+918532938006,2904-2833-8487,ZZEPW9778Y,"771, Connaught Place, Sector 25",Pune,"[""ORDER_FULFILLMENT"",""MARKETING_SMS"",""CUSTOMER_ANALYTICS""]",Alok#2814A7FC,2026-05-17T10:59:26.170Z
usr_97e0f1d2f3ea,gaurav.deshmukh483@example.in,Gaurav Deshmukh,+917547017389,4506-1661-2271,QRNPE5201X,"535, FC Road, Sector 42",Pune,"[""ORDER_FULFILLMENT"",""MARKETING_SMS"",""CUSTOMER_ANALYTICS""]",Gaurav&9689DFF5,2026-06-16T10:59:26.170Z
usr_67b3be39dd3b,meera.chauhan484@example.in,Meera Chauhan,+917589612727,7040-9863-2549,MRJPA8782D,"252, Banjara Hills, Sector 5",Kolkata,"[""ORDER_FULFILLMENT"",""MARKETING_SMS"",""CUSTOMER_ANALYTICS""]",Meera#55513550,2026-05-01T10:59:26.170Z
usr_b8208e3248a1,aditya.mishra485@example.in,Aditya Mishra,+919879245112,3518-4520-1560,KMGPE1566N,"729, Sector 17, Sector 22",Kolkata,"[""ORDER_FULFILLMENT"",""MARKETING_SMS"",""CUSTOMER_ANALYTICS""]",Aditya&9717FC7E,2026-03-18T10:59:26.170Z
usr_b5359b3954df,nikhil.gupta486@example.in,Nikhil Gupta,+918858692478,4740-6790-4717,RYSPF0139Z,"840, Connaught Place, Sector 3",Chandigarh,"[""ORDER_FULFILLMENT"",""MARKETING_SMS"",""CUSTOMER_ANALYTICS""]",Nikhil$26530B76,2026-08-11T10:59:26.170Z
usr_ca1cf008a747,amit.chopra487@example.in,Amit Chopra,+919621516834,9971-1977-3904,SWVPH5273N,"697, Connaught Place, Sector 2",Jaipur,"[""ORDER_FULFILLMENT"",""MARKETING_SMS"",""CUSTOMER_ANALYTICS""]",Amit#263144B8,2026-03-22T10:59:26.170Z
usr_c6deba583618,ritu.bhatia488@example.in,Ritu Bhatia,+917181985728,5637-4529-3486,NOUPR6821D,"44, Indiranagar, Sector 15",Ahmedabad,"[""ORDER_FULFILLMENT"",""MARKETING_SMS"",""CUSTOMER_ANALYTICS""]",Ritu!47085EE7,2026-08-23T10:59:26.170Z
usr_06931e2d9934,neha.dubey489@example.in,Neha Dubey,+918288780063,8502-8192-7391,UEXPZ1422F,"302, Banjara Hills, Sector 3",Jaipur,"[""ORDER_FULFILLMENT"",""MARKETING_SMS"",""CUSTOMER_ANALYTICS""]",Neha%9086BDF8,2026-03-25T10:59:26.170Z
usr_9dbafc4d64ab,harsh.iyer490@example.in,Harsh Iyer,+919497082239,7382-3651-4293,FSWPX8856U,"790, M.G. Road, Sector 1",Bengaluru,"[""ORDER_FULFILLMENT"",""MARKETING_SMS"",""CUSTOMER_ANALYTICS""]",Harsh@7634ACB7,2026-06-30T10:59:26.170Z
usr_3f376dd706fa,simran.menon491@example.in,Simran Menon,+918188784464,5845-7681-2367,HSLPZ0214H,"556, FC Road, Sector 26",Kochi,"[""ORDER_FULFILLMENT"",""MARKETING_SMS"",""CUSTOMER_ANALYTICS""]",Simran@8354D38A,2026-05-23T10:59:26.170Z
usr_8ad7b22e20a5,amit.chopra492@example.in,Amit Chopra,+919627641179,8352-2040-6926,HADPS1565H,"561, Anna Salai, Sector 27",Jaipur,"[""ORDER_FULFILLMENT"",""MARKETING_SMS"",""CUSTOMER_ANALYTICS""]",Amit&24843F2D,2026-04-11T10:59:26.170Z
usr_72ef2a2da4d8,swati.bose493@example.in,Swati Bose,+919788870530,6563-1119-4454,SEAPU9343N,"71, Connaught Place, Sector 43",Pune,"[""ORDER_FULFILLMENT"",""MARKETING_SMS"",""CUSTOMER_ANALYTICS""]",Swati&67388F3F,2026-06-25T10:59:26.170Z
usr_a9f392d1ea0b,ananya.mukherjee494@example.in,Ananya Mukherjee,+917442002504,9724-9272-8377,ZKNPO8711U,"969, Sector 17, Sector 24",Mumbai,"[""ORDER_FULFILLMENT"",""MARKETING_SMS"",""CUSTOMER_ANALYTICS""]",Ananya#1469F04C,2026-04-04T10:59:26.170Z
usr_1d3bf715b01d,rahul.kumar495@example.in,Rahul Kumar,+918658181726,2649-7228-1552,ACIPR4489J,"61, Banjara Hills, Sector 44",Delhi NCR,"[""ORDER_FULFILLMENT"",""MARKETING_SMS"",""CUSTOMER_ANALYTICS""]",Rahul%988474F9,2026-04-28T10:59:26.170Z
usr_e63fe194c092,gaurav.menon496@example.in,Gaurav Menon,+917354139609,6657-2082-8769,CUUPX1392X,"247, MI Road, Sector 11",Jaipur,"[""ORDER_FULFILLMENT"",""MARKETING_SMS"",""CUSTOMER_ANALYTICS""]",Gaurav#760171A9,2026-04-05T10:59:26.170Z
usr_727341561f68,rajesh.kulkarni497@example.in,Rajesh Kulkarni,+919605633838,4138-3943-1404,VJZPN2749U,"404, Indiranagar, Sector 22",Delhi NCR,"[""ORDER_FULFILLMENT"",""MARKETING_SMS"",""CUSTOMER_ANALYTICS""]",Rajesh#95412F03,2026-05-28T10:59:26.170Z
usr_eb6c705c6841,priya.mehta498@example.in,Priya Mehta,+918979809741,2497-2760-8057,UYOPT8150J,"198, SG Highway, Sector 32",Delhi NCR,"[""ORDER_FULFILLMENT"",""MARKETING_SMS"",""CUSTOMER_ANALYTICS""]",Priya!1824FE4E,2026-05-28T10:59:26.170Z
usr_f46ee16b982a,priya.trivedi499@example.in,Priya Trivedi,+918800270505,7740-5538-7514,NVDPS9406B,"229, Koramangala, Sector 3",Lucknow,"[""ORDER_FULFILLMENT"",""MARKETING_SMS"",""CUSTOMER_ANALYTICS""]",Priya&64592F45,2026-05-30T10:59:26.170Z
usr_a1a5f5ec9508,aarav.trivedi500@example.in,Aarav Trivedi,+918100664705,2900-7927-7329,BTVPS3739N,"81, Koramangala, Sector 21",Ahmedabad,"[""ORDER_FULFILLMENT"",""MARKETING_SMS"",""CUSTOMER_ANALYTICS""]",Aarav#8373BBF3,2026-05-28T10:59:26.170Z
usr_089ce41cb6af,deepika.verma501@example.in,Deepika Verma,+918713715166,8774-6096-1876,NTGPP8318S,"880, SG Highway, Sector 4",Chandigarh,"[""ORDER_FULFILLMENT"",""MARKETING_SMS"",""CUSTOMER_ANALYTICS""]",Deepika%92315AAD,2026-06-07T10:59:26.170Z
usr_1a25c38409d2,bhavna.verma502@example.in,Bhavna Verma,+918307888960,8650-8261-2803,VBDPI9482V,"595, FC Road, Sector 13",Kochi,"[""ORDER_FULFILLMENT"",""MARKETING_SMS"",""CUSTOMER_ANALYTICS""]",Bhavna$6073A60D,2026-05-30T10:59:26.170Z
usr_d48d25e1b884,swati.pandey503@example.in,Swati Pandey,+917217535668,4917-6047-7450,FXEPD7816I,"970, Sector 17, Sector 23",Pune,"[""ORDER_FULFILLMENT"",""MARKETING_SMS"",""CUSTOMER_ANALYTICS""]",Swati&5120A43A,2026-07-05T10:59:26.170Z
usr_c851729541bf,priya.chopra504@example.in,Priya Chopra,+919786819650,4188-6572-8411,KGHPN5353P,"428, Koramangala, Sector 42",Hyderabad,"[""ORDER_FULFILLMENT"",""MARKETING_SMS"",""CUSTOMER_ANALYTICS""]",Priya!724600CF,2026-08-18T10:59:26.170Z
usr_5001ac319bfb,sneha.patel505@example.in,Sneha Patel,+918557044751,3235-8329-6219,BDXPY2788R,"10, Sector 17, Sector 40",Indore,"[""ORDER_FULFILLMENT"",""MARKETING_SMS"",""CUSTOMER_ANALYTICS""]",Sneha&675076BE,2026-05-06T10:59:26.170Z
usr_c787cea36c10,isha.rao506@example.in,Isha Rao,+919382157571,4020-6611-5719,ZXVPR0184C,"816, Indiranagar, Sector 2",Chennai,"[""ORDER_FULFILLMENT"",""MARKETING_SMS"",""CUSTOMER_ANALYTICS""]",Isha!920309C9,2026-08-07T10:59:26.170Z
usr_6f28a87900c6,tanvi.bhattacharya507@example.in,Tanvi Bhattacharya,+919379130413,5568-8881-2903,DSRPX8350E,"887, Sector 17, Sector 23",Chennai,"[""ORDER_FULFILLMENT"",""MARKETING_SMS"",""CUSTOMER_ANALYTICS""]",Tanvi@95886CCD,2026-03-11T10:59:26.170Z
usr_21a57175ed42,meera.saxena508@example.in,Meera Saxena,+919994544015,7114-6148-4701,FXFPZ4208Y,"29, MI Road, Sector 14",Bengaluru,"[""ORDER_FULFILLMENT"",""MARKETING_SMS"",""CUSTOMER_ANALYTICS""]",Meera$2578696B,2026-05-17T10:59:26.170Z
usr_b5521b90c5ad,dev.singh509@example.in,Dev Singh,+918314283477,3043-4994-3707,HLJPN9692Q,"154, Brigade Road, Sector 15",Mumbai,"[""ORDER_FULFILLMENT"",""MARKETING_SMS"",""CUSTOMER_ANALYTICS""]",Dev%8049399F,2026-06-27T10:59:26.170Z
usr_c4f4d2eef464,gaurav.deshmukh510@example.in,Gaurav Deshmukh,+918469012701,9158-3570-2773,NNHPY2851I,"745, Koramangala, Sector 23",Hyderabad,"[""ORDER_FULFILLMENT"",""MARKETING_SMS"",""CUSTOMER_ANALYTICS""]",Gaurav%31329FB1,2026-09-05T10:59:26.170Z
usr_a053ea1a7065,divya.bhattacharya511@example.in,Divya Bhattacharya,+919149117065,7795-3792-3229,ULMPI0841Z,"3, Connaught Place, Sector 8",Indore,"[""ORDER_FULFILLMENT"",""MARKETING_SMS"",""CUSTOMER_ANALYTICS""]",Divya$420982A9,2026-04-15T10:59:26.170Z
usr_1508fcb110d0,neha.kumar512@example.in,Neha Kumar,+917108409634,4250-6201-9685,NNLPO7311N,"320, M.G. Road, Sector 29",Ahmedabad,"[""ORDER_FULFILLMENT"",""MARKETING_SMS"",""CUSTOMER_ANALYTICS""]",Neha@46021238,2026-05-30T10:59:26.170Z
usr_2f551ffe1b7a,karan.chopra513@example.in,Karan Chopra,+919129467257,7970-9235-4117,SEVPO2370N,"489, Brigade Road, Sector 7",Delhi NCR,"[""ORDER_FULFILLMENT"",""MARKETING_SMS"",""CUSTOMER_ANALYTICS""]",Karan&9048078C,2026-03-24T10:59:26.170Z
usr_df6a346d3305,alok.rao514@example.in,Alok Rao,+918153969665,7241-6795-6846,YKUPH8966N,"261, M.G. Road, Sector 18",Delhi NCR,"[""ORDER_FULFILLMENT"",""MARKETING_SMS"",""CUSTOMER_ANALYTICS""]",Alok#37956163,2026-04-27T10:59:26.170Z
usr_42c316c19dd3,rajesh.sharma515@example.in,Rajesh Sharma,+919843928496,5455-1848-6712,WJLPJ6704Z,"998, MI Road, Sector 12",Mumbai,"[""ORDER_FULFILLMENT"",""MARKETING_SMS"",""CUSTOMER_ANALYTICS""]",Rajesh$86213BCE,2026-04-19T10:59:26.170Z
usr_f2dc05a30c14,vikram.pillai516@example.in,Vikram Pillai,+918725938484,6336-2084-1410,ILGPP8367D,"387, Anna Salai, Sector 41",Bengaluru,"[""ORDER_FULFILLMENT"",""MARKETING_SMS"",""CUSTOMER_ANALYTICS""]",Vikram&4955A353,2026-08-21T10:59:26.170Z
usr_30693fcdf627,abhishek.trivedi517@example.in,Abhishek Trivedi,+918480618000,6058-9914-7905,NQEPQ9137K,"749, SG Highway, Sector 43",Delhi NCR,"[""ORDER_FULFILLMENT"",""MARKETING_SMS"",""CUSTOMER_ANALYTICS""]",Abhishek$59398A03,2026-04-25T10:59:26.170Z
usr_4efb082d27e8,rahul.pillai518@example.in,Rahul Pillai,+917282149117,7105-9513-3642,RAEPQ2636R,"285, FC Road, Sector 39",Mumbai,"[""ORDER_FULFILLMENT"",""MARKETING_SMS"",""CUSTOMER_ANALYTICS""]",Rahul&3262A5F2,2026-05-04T10:59:26.170Z
usr_e6795deb5c71,varun.reddy519@example.in,Varun Reddy,+918942060485,5393-4133-6088,SARPD0371G,"42, Park Street, Sector 33",Kolkata,"[""ORDER_FULFILLMENT"",""MARKETING_SMS"",""CUSTOMER_ANALYTICS""]",Varun&22818959,2026-04-03T10:59:26.170Z
usr_6ffe7e1eaa52,pallavi.kapoor520@example.in,Pallavi Kapoor,+919268954525,7499-2607-4739,ANZPQ9985V,"398, Sector 17, Sector 20",Kochi,"[""ORDER_FULFILLMENT"",""MARKETING_SMS"",""CUSTOMER_ANALYTICS""]",Pallavi%564513EF,2026-05-14T10:59:26.170Z
usr_aeed580533af,dev.malhotra521@example.in,Dev Malhotra,+917588927745,6221-9460-6890,GOZPG2234Y,"740, Connaught Place, Sector 44",Pune,"[""ORDER_FULFILLMENT"",""MARKETING_SMS"",""CUSTOMER_ANALYTICS""]",Dev&196354B3,2026-04-23T10:59:26.170Z
usr_4473ef6b3aa8,kunal.bhatia522@example.in,Kunal Bhatia,+917761838076,3195-1952-6936,XDFPN0127L,"536, Banjara Hills, Sector 44",Mumbai,"[""ORDER_FULFILLMENT"",""MARKETING_SMS"",""CUSTOMER_ANALYTICS""]",Kunal&6403B1E9,2026-07-18T10:59:26.170Z
usr_f291877d0746,pooja.reddy523@example.in,Pooja Reddy,+919199498126,9045-9288-8349,FUJPQ6455S,"390, Anna Salai, Sector 3",Kolkata,"[""ORDER_FULFILLMENT"",""MARKETING_SMS"",""CUSTOMER_ANALYTICS""]",Pooja#84462B8D,2026-04-25T10:59:26.170Z
usr_5eeec56d65e1,arjun.gupta524@example.in,Arjun Gupta,+917822413113,2418-3352-6991,WCLPE0793Z,"335, MI Road, Sector 23",Chennai,"[""ORDER_FULFILLMENT"",""MARKETING_SMS"",""CUSTOMER_ANALYTICS""]",Arjun%5915C195,2026-05-29T10:59:26.170Z
usr_552c8262f6bd,rohan.mehta525@example.in,Rohan Mehta,+919165446616,9522-6285-5772,UEHPV8752I,"335, Koramangala, Sector 39",Kochi,"[""ORDER_FULFILLMENT"",""MARKETING_SMS"",""CUSTOMER_ANALYTICS""]",Rohan$5342DFA2,2026-05-26T10:59:26.170Z
usr_e8a2a4e33f1e,deepika.iyer526@example.in,Deepika Iyer,+919559811016,7430-6341-6792,TEHPJ6031H,"747, Connaught Place, Sector 42",Pune,"[""ORDER_FULFILLMENT"",""MARKETING_SMS"",""CUSTOMER_ANALYTICS""]",Deepika&7299FE04,2026-04-27T10:59:26.170Z
usr_9b2cbcc0d9e7,manish.chauhan527@example.in,Manish Chauhan,+918243914608,9642-4901-9139,MMYPF4894O,"890, Park Street, Sector 15",Kochi,"[""ORDER_FULFILLMENT"",""MARKETING_SMS"",""CUSTOMER_ANALYTICS""]",Manish!5473813C,2026-04-04T10:59:26.170Z
usr_85296549f3dd,manish.mishra528@example.in,Manish Mishra,+917634732835,5600-9697-8406,LDNPW7887N,"63, FC Road, Sector 6",Mumbai,"[""ORDER_FULFILLMENT"",""MARKETING_SMS"",""CUSTOMER_ANALYTICS""]",Manish$3256D20A,2026-05-27T10:59:26.170Z
usr_05b8826e310a,vikram.kumar529@example.in,Vikram Kumar,+918732533109,6137-4390-9818,XXNPM6540Y,"593, Park Street, Sector 38",Indore,"[""ORDER_FULFILLMENT"",""MARKETING_SMS"",""CUSTOMER_ANALYTICS""]",Vikram&2307FA41,2026-03-16T10:59:26.170Z
usr_9a8c235d4d86,rahul.deshmukh530@example.in,Rahul Deshmukh,+917337621963,5168-6330-8055,ETMPA5169A,"287, Banjara Hills, Sector 26",Delhi NCR,"[""ORDER_FULFILLMENT"",""MARKETING_SMS"",""CUSTOMER_ANALYTICS""]",Rahul@81045E3D,2026-08-29T10:59:26.170Z
usr_3cc1a46d8f37,simran.pandey531@example.in,Simran Pandey,+918198483141,6032-3380-6127,ZWDPY2659G,"312, Anna Salai, Sector 23",Pune,"[""ORDER_FULFILLMENT"",""MARKETING_SMS"",""CUSTOMER_ANALYTICS""]",Simran!56080739,2026-04-13T10:59:26.170Z
usr_4fba74584219,rohan.bose532@example.in,Rohan Bose,+917764463789,6459-6220-4529,IECPY1786C,"187, Banjara Hills, Sector 8",Chennai,"[""ORDER_FULFILLMENT"",""MARKETING_SMS"",""CUSTOMER_ANALYTICS""]",Rohan&1291B9CD,2026-05-01T10:59:26.170Z
usr_f6ba75924b8a,alok.mishra533@example.in,Alok Mishra,+919713140161,4251-7220-5635,XOEPJ1180R,"626, Koramangala, Sector 16",Lucknow,"[""ORDER_FULFILLMENT"",""MARKETING_SMS"",""CUSTOMER_ANALYTICS""]",Alok@83713627,2026-05-19T10:59:26.170Z
usr_98d9177351df,alok.patel534@example.in,Alok Patel,+917563474940,4524-7570-6837,PFHPH1018O,"246, Indiranagar, Sector 45",Chandigarh,"[""ORDER_FULFILLMENT"",""MARKETING_SMS"",""CUSTOMER_ANALYTICS""]",Alok&4665E02E,2026-05-14T10:59:26.170Z
usr_6177016c60d7,kavita.kumar535@example.in,Kavita Kumar,+917571144281,4212-5082-4467,OJOPO8104L,"926, FC Road, Sector 8",Chandigarh,"[""ORDER_FULFILLMENT"",""MARKETING_SMS"",""CUSTOMER_ANALYTICS""]",Kavita&69980BE6,2026-04-11T10:59:26.170Z
usr_e41937914ab5,pallavi.rao536@example.in,Pallavi Rao,+917746435138,7999-4449-6178,TTOPQ1693B,"473, Koramangala, Sector 32",Lucknow,"[""ORDER_FULFILLMENT"",""MARKETING_SMS"",""CUSTOMER_ANALYTICS""]",Pallavi#76218687,2026-07-17T10:59:26.170Z
usr_91592784d22e,abhishek.saxena537@example.in,Abhishek Saxena,+917806295524,4330-2850-3005,YXTPT0751W,"924, Anna Salai, Sector 41",Jaipur,"[""ORDER_FULFILLMENT"",""MARKETING_SMS"",""CUSTOMER_ANALYTICS""]",Abhishek!831295C3,2026-03-13T10:59:26.170Z
usr_2e3e552b780d,arjun.kapoor538@example.in,Arjun Kapoor,+919664202983,9771-9158-4814,BIEPV9884T,"388, Koramangala, Sector 8",Bengaluru,"[""ORDER_FULFILLMENT"",""MARKETING_SMS"",""CUSTOMER_ANALYTICS""]",Arjun!3383C7ED,2026-08-29T10:59:26.170Z
usr_7a0174be0716,shweta.gupta539@example.in,Shweta Gupta,+919590618450,8222-5056-6187,QEVPC6548P,"354, Park Street, Sector 9",Hyderabad,"[""ORDER_FULFILLMENT"",""MARKETING_SMS"",""CUSTOMER_ANALYTICS""]",Shweta!2874C039,2026-07-20T10:59:26.170Z
usr_715f07b334f4,anjali.gupta540@example.in,Anjali Gupta,+918946695860,4724-1576-1803,MTQPX9168O,"360, FC Road, Sector 25",Mumbai,"[""ORDER_FULFILLMENT"",""MARKETING_SMS"",""CUSTOMER_ANALYTICS""]",Anjali!8108CF67,2026-04-08T10:59:26.170Z
usr_f616f59c5940,divya.rao541@example.in,Divya Rao,+919888187137,7664-7334-4551,SZDPD6563U,"816, MI Road, Sector 30",Bengaluru,"[""ORDER_FULFILLMENT"",""MARKETING_SMS"",""CUSTOMER_ANALYTICS""]",Divya#1265D481,2026-07-27T10:59:26.170Z
usr_50ac06444e0e,tanvi.agarwal542@example.in,Tanvi Agarwal,+919208963181,2591-5936-9525,QGYPH3662O,"748, MI Road, Sector 2",Chennai,"[""ORDER_FULFILLMENT"",""MARKETING_SMS"",""CUSTOMER_ANALYTICS""]",Tanvi!88166031,2026-07-10T10:59:26.170Z
usr_8c3b3a4d1050,anjali.bhattacharya543@example.in,Anjali Bhattacharya,+917454394118,3954-9718-1441,RNYPR2505O,"5, Sector 17, Sector 13",Delhi NCR,"[""ORDER_FULFILLMENT"",""MARKETING_SMS"",""CUSTOMER_ANALYTICS""]",Anjali@1675626A,2026-05-19T10:59:26.170Z
usr_4dcfd9951953,priya.patel544@example.in,Priya Patel,+919926043242,5075-8390-4085,ERTPB1230C,"459, Brigade Road, Sector 41",Lucknow,"[""ORDER_FULFILLMENT"",""MARKETING_SMS"",""CUSTOMER_ANALYTICS""]",Priya#849060F2,2026-06-08T10:59:26.170Z
usr_cc259baca522,bhavna.chopra545@example.in,Bhavna Chopra,+919226401109,4388-3949-5433,BICPD4489F,"613, Anna Salai, Sector 4",Indore,"[""ORDER_FULFILLMENT"",""MARKETING_SMS"",""CUSTOMER_ANALYTICS""]",Bhavna@6677D528,2026-04-26T10:59:26.170Z
usr_c3e855f13a38,aarav.kumar546@example.in,Aarav Kumar,+918607722423,4552-7126-1820,CVQPA9631C,"7, Indiranagar, Sector 12",Lucknow,"[""ORDER_FULFILLMENT"",""MARKETING_SMS"",""CUSTOMER_ANALYTICS""]",Aarav%2824D78B,2026-09-07T10:59:26.170Z
usr_e95cde7b82ee,aditya.kulkarni547@example.in,Aditya Kulkarni,+918588274411,6273-8657-6422,EXRPO7432Y,"111, Banjara Hills, Sector 18",Chennai,"[""ORDER_FULFILLMENT"",""MARKETING_SMS"",""CUSTOMER_ANALYTICS""]",Aditya#6007BED1,2026-07-04T10:59:26.170Z
usr_a2284734909d,priya.deshmukh548@example.in,Priya Deshmukh,+917267690651,4890-7351-5225,PBRPW0042N,"402, Brigade Road, Sector 6",Chennai,"[""ORDER_FULFILLMENT"",""MARKETING_SMS"",""CUSTOMER_ANALYTICS""]",Priya#1544A745,2026-04-22T10:59:26.170Z
usr_85c37ea922fb,ritu.joshi549@example.in,Ritu Joshi,+919375428198,7466-6583-3066,QVTPQ2590S,"76, Brigade Road, Sector 18",Chandigarh,"[""ORDER_FULFILLMENT"",""MARKETING_SMS"",""CUSTOMER_ANALYTICS""]",Ritu#47438E94,2026-06-06T10:59:26.170Z
usr_4e935da30c55,ritika.iyer550@example.in,Ritika Iyer,+918807658621,3048-6177-9818,NWWPH4427F,"140, Indiranagar, Sector 15",Bengaluru,"[""ORDER_FULFILLMENT"",""MARKETING_SMS"",""CUSTOMER_ANALYTICS""]",Ritika$2871F167,2026-06-19T10:59:26.170Z
usr_c22d05e23f27,pallavi.pillai551@example.in,Pallavi Pillai,+918867890061,7916-8103-6637,WOEPT0421G,"129, MI Road, Sector 24",Jaipur,"[""ORDER_FULFILLMENT"",""MARKETING_SMS"",""CUSTOMER_ANALYTICS""]",Pallavi&87642EE7,2026-04-22T10:59:26.170Z
usr_57977d500075,sneha.joshi552@example.in,Sneha Joshi,+917553083037,7780-5373-7682,RKGPP7100Q,"425, MI Road, Sector 40",Lucknow,"[""ORDER_FULFILLMENT"",""MARKETING_SMS"",""CUSTOMER_ANALYTICS""]",Sneha#87150FC9,2026-07-05T10:59:26.170Z
usr_393e10ff23fc,amit.gupta553@example.in,Amit Gupta,+919523407380,9462-8850-2731,RZVPR2960V,"70, Anna Salai, Sector 32",Mumbai,"[""ORDER_FULFILLMENT"",""MARKETING_SMS"",""CUSTOMER_ANALYTICS""]",Amit@7187C091,2026-07-12T10:59:26.170Z
usr_c54bebe1207c,rajesh.sharma554@example.in,Rajesh Sharma,+919480677959,9984-7353-2173,VDUPJ7792M,"227, FC Road, Sector 13",Hyderabad,"[""ORDER_FULFILLMENT"",""MARKETING_SMS"",""CUSTOMER_ANALYTICS""]",Rajesh%95619EBE,2026-03-19T10:59:26.171Z
usr_796f8cccda6a,priya.menon555@example.in,Priya Menon,+919139677812,6291-1486-3721,RVNPK3635H,"561, Anna Salai, Sector 36",Delhi NCR,"[""ORDER_FULFILLMENT"",""MARKETING_SMS"",""CUSTOMER_ANALYTICS""]",Priya@90015E5F,2026-05-02T10:59:26.171Z
usr_f789001415e8,kavita.malhotra556@example.in,Kavita Malhotra,+919602050770,5725-8829-1777,NQWPV1749I,"565, Park Street, Sector 36",Kochi,"[""ORDER_FULFILLMENT"",""MARKETING_SMS"",""CUSTOMER_ANALYTICS""]",Kavita@777048BC,2026-06-04T10:59:26.171Z
usr_d910ae29fd91,priya.deshmukh557@example.in,Priya Deshmukh,+917526302477,2830-4227-8492,HQKPB4643J,"503, Sector 17, Sector 20",Chennai,"[""ORDER_FULFILLMENT"",""MARKETING_SMS"",""CUSTOMER_ANALYTICS""]",Priya%82985F0F,2026-05-03T10:59:26.171Z
usr_6af8c93c1419,tanvi.iyer558@example.in,Tanvi Iyer,+919504280411,5243-5934-7735,KOTPB6387Y,"903, SG Highway, Sector 33",Bengaluru,"[""ORDER_FULFILLMENT"",""MARKETING_SMS"",""CUSTOMER_ANALYTICS""]",Tanvi%118959FC,2026-05-15T10:59:26.171Z
usr_e783839e3105,nikhil.gupta559@example.in,Nikhil Gupta,+918411503084,8869-3567-9290,FGSPQ2621G,"83, SG Highway, Sector 29",Indore,"[""ORDER_FULFILLMENT"",""MARKETING_SMS"",""CUSTOMER_ANALYTICS""]",Nikhil%193635BF,2026-08-30T10:59:26.171Z
usr_694fd1ceba4c,harsh.iyer560@example.in,Harsh Iyer,+918847047402,8105-9543-6818,SGRPO6455M,"726, FC Road, Sector 45",Hyderabad,"[""ORDER_FULFILLMENT"",""MARKETING_SMS"",""CUSTOMER_ANALYTICS""]",Harsh&71891857,2026-08-10T10:59:26.171Z
usr_1a513a0d418a,pooja.kumar561@example.in,Pooja Kumar,+917583006033,9330-2072-8996,LGGPE7322W,"885, Connaught Place, Sector 43",Chennai,"[""ORDER_FULFILLMENT"",""MARKETING_SMS"",""CUSTOMER_ANALYTICS""]",Pooja#17253595,2026-05-05T10:59:26.171Z
usr_40d2ce3a3386,abhishek.singh562@example.in,Abhishek Singh,+918569567073,5360-1116-4424,XRLPY8393H,"867, Koramangala, Sector 45",Delhi NCR,"[""ORDER_FULFILLMENT"",""MARKETING_SMS"",""CUSTOMER_ANALYTICS""]",Abhishek%7813F188,2026-04-08T10:59:26.171Z
usr_816db1d5b927,swati.dubey563@example.in,Swati Dubey,+918978913801,6358-7530-8421,POCPJ7518J,"945, M.G. Road, Sector 13",Chandigarh,"[""ORDER_FULFILLMENT"",""MARKETING_SMS"",""CUSTOMER_ANALYTICS""]",Swati!2338E103,2026-04-09T10:59:26.171Z
usr_1bba380be6d0,vikram.bhatia564@example.in,Vikram Bhatia,+919574154808,8545-9437-2720,KXTPR8930J,"372, Anna Salai, Sector 16",Chennai,"[""ORDER_FULFILLMENT"",""MARKETING_SMS"",""CUSTOMER_ANALYTICS""]",Vikram&61498100,2026-05-17T10:59:26.171Z
usr_f487ef97336e,isha.kumar565@example.in,Isha Kumar,+918217303884,2907-5551-4901,HVIPT8623N,"248, Anna Salai, Sector 21",Bengaluru,"[""ORDER_FULFILLMENT"",""MARKETING_SMS"",""CUSTOMER_ANALYTICS""]",Isha$3473768F,2026-07-29T10:59:26.171Z
usr_574d535449b4,anjali.mehta566@example.in,Anjali Mehta,+918436101641,2448-6162-8157,UWGPK3811P,"141, Sector 17, Sector 31",Ahmedabad,"[""ORDER_FULFILLMENT"",""MARKETING_SMS"",""CUSTOMER_ANALYTICS""]",Anjali%71190575,2026-05-10T10:59:26.171Z
usr_04f3f0cbbd8a,harsh.bhatia567@example.in,Harsh Bhatia,+918869627130,7281-7028-7378,KDPPU3254M,"474, Brigade Road, Sector 13",Chennai,"[""ORDER_FULFILLMENT"",""MARKETING_SMS"",""CUSTOMER_ANALYTICS""]",Harsh!99339147,2026-03-27T10:59:26.171Z
usr_49e2f7344a9d,divya.chatterjee568@example.in,Divya Chatterjee,+918454582505,4135-2301-6535,NYGPV8948X,"82, Brigade Road, Sector 8",Ahmedabad,"[""ORDER_FULFILLMENT"",""MARKETING_SMS"",""CUSTOMER_ANALYTICS""]",Divya%7454A96B,2026-08-08T10:59:26.171Z
usr_1944ffb276bb,varun.trivedi569@example.in,Varun Trivedi,+917901722159,9874-4740-9811,AMKPS0676E,"74, SG Highway, Sector 40",Ahmedabad,"[""ORDER_FULFILLMENT"",""MARKETING_SMS"",""CUSTOMER_ANALYTICS""]",Varun!71499D89,2026-03-11T10:59:26.171Z
usr_aa38e407c003,pallavi.rao570@example.in,Pallavi Rao,+919394160042,9318-4614-6780,EUGPJ1592Z,"57, FC Road, Sector 43",Kochi,"[""ORDER_FULFILLMENT"",""MARKETING_SMS"",""CUSTOMER_ANALYTICS""]",Pallavi@5256A98B,2026-05-04T10:59:26.171Z
usr_b3c72c1c48fe,siddharth.saxena571@example.in,Siddharth Saxena,+919856319086,4295-1188-4226,TJIPM8180W,"696, Koramangala, Sector 25",Jaipur,"[""ORDER_FULFILLMENT"",""MARKETING_SMS"",""CUSTOMER_ANALYTICS""]",Siddharth@64210304,2026-07-15T10:59:26.171Z
usr_110c7a3198c0,ritika.gupta572@example.in,Ritika Gupta,+918346635645,6177-8865-2380,GOLPI2899C,"825, MI Road, Sector 32",Hyderabad,"[""ORDER_FULFILLMENT"",""MARKETING_SMS"",""CUSTOMER_ANALYTICS""]",Ritika!3114E352,2026-04-21T10:59:26.171Z
usr_0f85cf92b0aa,kavita.mukherjee573@example.in,Kavita Mukherjee,+918985368011,3837-2237-6579,CPDPC1969R,"787, Sector 17, Sector 14",Kolkata,"[""ORDER_FULFILLMENT"",""MARKETING_SMS"",""CUSTOMER_ANALYTICS""]",Kavita$535307B3,2026-06-02T10:59:26.171Z
usr_2f06a4aced0e,manish.kumar574@example.in,Manish Kumar,+917377004532,5121-1463-8369,YHDPH1275B,"892, Anna Salai, Sector 29",Hyderabad,"[""ORDER_FULFILLMENT"",""MARKETING_SMS"",""CUSTOMER_ANALYTICS""]",Manish%1978A33C,2026-08-29T10:59:26.171Z
usr_d49437cfb94b,deepika.reddy575@example.in,Deepika Reddy,+917400021205,8443-1011-6590,DCCPP5996L,"357, FC Road, Sector 13",Delhi NCR,"[""ORDER_FULFILLMENT"",""MARKETING_SMS"",""CUSTOMER_ANALYTICS""]",Deepika#1556970D,2026-08-18T10:59:26.171Z
usr_d1c8077a229d,deepika.dubey576@example.in,Deepika Dubey,+919590965789,7646-2335-4028,CQXPE3218X,"724, MI Road, Sector 26",Kochi,"[""ORDER_FULFILLMENT"",""MARKETING_SMS"",""CUSTOMER_ANALYTICS""]",Deepika@58945BAD,2026-08-06T10:59:26.171Z
usr_38f6d9436489,varun.kumar577@example.in,Varun Kumar,+919922254580,4727-7055-7904,LPBPS3872K,"597, SG Highway, Sector 42",Kochi,"[""ORDER_FULFILLMENT"",""MARKETING_SMS"",""CUSTOMER_ANALYTICS""]",Varun&673121E4,2026-07-03T10:59:26.171Z
usr_4e1b6e8b7a32,rahul.chauhan578@example.in,Rahul Chauhan,+919997827706,4630-8087-4175,HCXPX0517H,"670, Sector 17, Sector 23",Bengaluru,"[""ORDER_FULFILLMENT"",""MARKETING_SMS"",""CUSTOMER_ANALYTICS""]",Rahul#4483F028,2026-07-27T10:59:26.171Z
usr_2a3dc78b48c7,shweta.gupta579@example.in,Shweta Gupta,+917257475197,5453-6414-6755,ZGVPS7432E,"55, Connaught Place, Sector 12",Indore,"[""ORDER_FULFILLMENT"",""MARKETING_SMS"",""CUSTOMER_ANALYTICS""]",Shweta@7232059D,2026-05-06T10:59:26.171Z
usr_38ac37a647dd,divya.saxena580@example.in,Divya Saxena,+918476601202,8623-2274-6065,ALEPG0850S,"569, M.G. Road, Sector 1",Chandigarh,"[""ORDER_FULFILLMENT"",""MARKETING_SMS"",""CUSTOMER_ANALYTICS""]",Divya$134512BD,2026-06-30T10:59:26.171Z
usr_a5caca49c284,sunita.trivedi581@example.in,Sunita Trivedi,+917509757275,2649-6784-2697,EXHPC3176Y,"132, SG Highway, Sector 1",Kochi,"[""ORDER_FULFILLMENT"",""MARKETING_SMS"",""CUSTOMER_ANALYTICS""]",Sunita&1864B272,2026-05-11T10:59:26.171Z
usr_9170f56690cd,dev.deshmukh582@example.in,Dev Deshmukh,+917561795584,3387-6324-7475,EEYPR4620Y,"369, M.G. Road, Sector 37",Kolkata,"[""ORDER_FULFILLMENT"",""MARKETING_SMS"",""CUSTOMER_ANALYTICS""]",Dev&1444E652,2026-04-26T10:59:26.171Z
usr_9543ab803223,dev.singh583@example.in,Dev Singh,+917220871847,9924-3618-1548,OUOPX7139W,"368, MI Road, Sector 34",Bengaluru,"[""ORDER_FULFILLMENT"",""MARKETING_SMS"",""CUSTOMER_ANALYTICS""]",Dev$88612DC6,2026-07-05T10:59:26.171Z
usr_df86ae8a0c18,kavita.patel584@example.in,Kavita Patel,+919416812839,2063-2874-2725,BLGPL2099E,"525, Indiranagar, Sector 36",Hyderabad,"[""ORDER_FULFILLMENT"",""MARKETING_SMS"",""CUSTOMER_ANALYTICS""]",Kavita&52208550,2026-03-30T10:59:26.171Z
usr_23941805f0cc,swati.nair585@example.in,Swati Nair,+919694260481,5512-8556-2849,ZVZPU9537N,"292, Anna Salai, Sector 7",Jaipur,"[""ORDER_FULFILLMENT"",""MARKETING_SMS"",""CUSTOMER_ANALYTICS""]",Swati!9690100F,2026-04-26T10:59:26.171Z
usr_6a0557756835,pooja.bhatia586@example.in,Pooja Bhatia,+919147794578,3911-4799-9424,EERPU6247H,"623, SG Highway, Sector 41",Jaipur,"[""ORDER_FULFILLMENT"",""MARKETING_SMS"",""CUSTOMER_ANALYTICS""]",Pooja#70722A2F,2026-04-30T10:59:26.171Z
usr_6c51206848fe,kavita.pandey587@example.in,Kavita Pandey,+919126402848,6569-9908-5535,MWLPW4030V,"807, Park Street, Sector 18",Kolkata,"[""ORDER_FULFILLMENT"",""MARKETING_SMS"",""CUSTOMER_ANALYTICS""]",Kavita!171471CB,2026-08-14T10:59:26.171Z
usr_44c3802e7126,divya.chopra588@example.in,Divya Chopra,+919211077211,7291-5440-2646,BBNPF4088Y,"829, SG Highway, Sector 1",Jaipur,"[""ORDER_FULFILLMENT"",""MARKETING_SMS"",""CUSTOMER_ANALYTICS""]",Divya!3373AB20,2026-06-16T10:59:26.171Z
usr_5f4ae4aba747,aarav.kapoor589@example.in,Aarav Kapoor,+917809636804,6656-8687-9739,PNEPM0778R,"239, Anna Salai, Sector 12",Chennai,"[""ORDER_FULFILLMENT"",""MARKETING_SMS"",""CUSTOMER_ANALYTICS""]",Aarav&7102B201,2026-03-22T10:59:26.171Z
usr_5bc9ac1eae30,sanjay.mehta590@example.in,Sanjay Mehta,+919376332097,6763-9886-9645,EWQPN2161K,"667, Connaught Place, Sector 44",Hyderabad,"[""ORDER_FULFILLMENT"",""MARKETING_SMS"",""CUSTOMER_ANALYTICS""]",Sanjay&82169D46,2026-09-07T10:59:26.171Z
usr_95f898758a65,vikram.agarwal591@example.in,Vikram Agarwal,+918557963318,7592-6871-6602,KCMPX3286F,"942, Park Street, Sector 10",Lucknow,"[""ORDER_FULFILLMENT"",""MARKETING_SMS"",""CUSTOMER_ANALYTICS""]",Vikram#16755CEA,2026-07-15T10:59:26.171Z
usr_a95966f870f4,abhishek.gupta592@example.in,Abhishek Gupta,+918666510203,3016-5306-5095,XGKPO0392U,"774, Anna Salai, Sector 40",Ahmedabad,"[""ORDER_FULFILLMENT"",""MARKETING_SMS"",""CUSTOMER_ANALYTICS""]",Abhishek#33251AF2,2026-08-22T10:59:26.171Z
usr_f685241b1c74,pallavi.malhotra593@example.in,Pallavi Malhotra,+919557875934,7500-8015-2479,DIEPW0567M,"630, Koramangala, Sector 9",Jaipur,"[""ORDER_FULFILLMENT"",""MARKETING_SMS"",""CUSTOMER_ANALYTICS""]",Pallavi&3003B4BF,2026-06-09T10:59:26.171Z
usr_aacd6959db2a,rahul.chopra594@example.in,Rahul Chopra,+917170853351,6612-2147-4398,AYMPH9892O,"949, Koramangala, Sector 7",Hyderabad,"[""ORDER_FULFILLMENT"",""MARKETING_SMS"",""CUSTOMER_ANALYTICS""]",Rahul!5494F659,2026-05-22T10:59:26.171Z
usr_114bf05a80af,isha.mehta595@example.in,Isha Mehta,+919725914190,8684-1462-2733,XENPM9010H,"266, Indiranagar, Sector 35",Hyderabad,"[""ORDER_FULFILLMENT"",""MARKETING_SMS"",""CUSTOMER_ANALYTICS""]",Isha!6932F134,2026-09-03T10:59:26.171Z
usr_56c66a0fe4a7,nikhil.menon596@example.in,Nikhil Menon,+919698164903,4907-3411-9672,UVEPC3046Z,"81, Indiranagar, Sector 2",Mumbai,"[""ORDER_FULFILLMENT"",""MARKETING_SMS"",""CUSTOMER_ANALYTICS""]",Nikhil#76356C65,2026-04-13T10:59:26.171Z
usr_42925fc7a57b,priya.gupta597@example.in,Priya Gupta,+919259744085,2463-5621-4941,KVGPP8341E,"975, Sector 17, Sector 32",Chennai,"[""ORDER_FULFILLMENT"",""MARKETING_SMS"",""CUSTOMER_ANALYTICS""]",Priya@8208046E,2026-08-31T10:59:26.171Z
usr_8ce90f8b4adf,divya.sharma598@example.in,Divya Sharma,+919184372386,7794-2587-9131,BGJPG6245O,"872, SG Highway, Sector 6",Kolkata,"[""ORDER_FULFILLMENT"",""MARKETING_SMS"",""CUSTOMER_ANALYTICS""]",Divya!3269D6AF,2026-06-13T10:59:26.171Z
usr_a184e441844c,manish.kumar599@example.in,Manish Kumar,+919230776752,2363-2749-7919,RIZPH9141M,"713, Sector 17, Sector 41",Kolkata,"[""ORDER_FULFILLMENT"",""MARKETING_SMS"",""CUSTOMER_ANALYTICS""]",Manish#7788E37D,2026-08-27T10:59:26.171Z
usr_5b441aba6254,aditya.pandey600@example.in,Aditya Pandey,+917532881784,9916-6796-4758,KKOPK5747P,"272, SG Highway, Sector 44",Kolkata,"[""ORDER_FULFILLMENT"",""MARKETING_SMS"",""CUSTOMER_ANALYTICS""]",Aditya@2853391C,2026-07-20T10:59:26.171Z
usr_be4b3d0fc564,swati.kumar601@example.in,Swati Kumar,+919872145873,3142-4678-5474,HUYPF7027G,"235, Koramangala, Sector 45",Indore,"[""ORDER_FULFILLMENT"",""MARKETING_SMS"",""CUSTOMER_ANALYTICS""]",Swati@4213005F,2026-04-27T10:59:26.171Z
usr_bb87cec4c301,neha.mishra602@example.in,Neha Mishra,+918180242387,6207-4507-9460,CYOPG0052T,"180, Koramangala, Sector 44",Kolkata,"[""ORDER_FULFILLMENT"",""MARKETING_SMS"",""CUSTOMER_ANALYTICS""]",Neha@9921556F,2026-06-09T10:59:26.171Z
usr_0a3dbb92eaae,shweta.verma603@example.in,Shweta Verma,+919158345551,7357-2740-6999,TMMPP3612B,"699, M.G. Road, Sector 26",Indore,"[""ORDER_FULFILLMENT"",""MARKETING_SMS"",""CUSTOMER_ANALYTICS""]",Shweta&7159F8CD,2026-07-18T10:59:26.171Z
usr_e29295f5c04e,aarav.iyer604@example.in,Aarav Iyer,+918747679020,2685-9834-6879,VLXPO7942G,"634, MI Road, Sector 38",Chennai,"[""ORDER_FULFILLMENT"",""MARKETING_SMS"",""CUSTOMER_ANALYTICS""]",Aarav$3295AD5E,2026-05-06T10:59:26.171Z
usr_1032a7a73988,rajesh.joshi605@example.in,Rajesh Joshi,+919666214152,2665-4262-6777,FXRPE2627D,"330, MI Road, Sector 43",Bengaluru,"[""ORDER_FULFILLMENT"",""MARKETING_SMS"",""CUSTOMER_ANALYTICS""]",Rajesh@1651AC3F,2026-05-24T10:59:26.171Z
usr_69388ebc5567,anjali.nair606@example.in,Anjali Nair,+917372562774,2815-7258-7046,OYAPV1098Q,"4, Koramangala, Sector 23",Lucknow,"[""ORDER_FULFILLMENT"",""MARKETING_SMS"",""CUSTOMER_ANALYTICS""]",Anjali!76473E30,2026-05-31T10:59:26.171Z
usr_189da06aaa83,ritu.rao607@example.in,Ritu Rao,+918905795812,5135-4185-4247,IVXPY4339G,"114, Connaught Place, Sector 14",Ahmedabad,"[""ORDER_FULFILLMENT"",""MARKETING_SMS"",""CUSTOMER_ANALYTICS""]",Ritu%5615D5FE,2026-06-14T10:59:26.171Z
usr_aa74d29c650e,manish.joshi608@example.in,Manish Joshi,+919901182946,2931-2307-5686,QYAPA9750X,"927, Sector 17, Sector 38",Jaipur,"[""ORDER_FULFILLMENT"",""MARKETING_SMS"",""CUSTOMER_ANALYTICS""]",Manish#18153B89,2026-07-16T10:59:26.171Z
usr_a6ba8be85b4c,divya.chatterjee609@example.in,Divya Chatterjee,+917436642288,7458-3051-7027,MUDPP0599D,"537, Banjara Hills, Sector 39",Mumbai,"[""ORDER_FULFILLMENT"",""MARKETING_SMS"",""CUSTOMER_ANALYTICS""]",Divya%2552C056,2026-06-07T10:59:26.171Z
usr_83b62eab2a3c,neha.nair610@example.in,Neha Nair,+918766039435,5605-2680-4871,IVVPM0311R,"717, Connaught Place, Sector 39",Kolkata,"[""ORDER_FULFILLMENT"",""MARKETING_SMS"",""CUSTOMER_ANALYTICS""]",Neha!23709229,2026-07-28T10:59:26.171Z
usr_9af44d650e45,divya.singh611@example.in,Divya Singh,+917900526481,9097-9788-9567,IFYPF5719U,"172, Connaught Place, Sector 29",Kochi,"[""ORDER_FULFILLMENT"",""MARKETING_SMS"",""CUSTOMER_ANALYTICS""]",Divya%13458011,2026-08-18T10:59:26.171Z
usr_dfd754c05b12,neha.pillai612@example.in,Neha Pillai,+917165168298,3900-3677-7335,KRXPY9777K,"945, Indiranagar, Sector 19",Kolkata,"[""ORDER_FULFILLMENT"",""MARKETING_SMS"",""CUSTOMER_ANALYTICS""]",Neha@790097DF,2026-08-23T10:59:26.171Z
usr_5b19ef89870d,sunita.nair613@example.in,Sunita Nair,+918952494726,7454-4038-6321,GJSPP7752Y,"161, MI Road, Sector 3",Kolkata,"[""ORDER_FULFILLMENT"",""MARKETING_SMS"",""CUSTOMER_ANALYTICS""]",Sunita&66435480,2026-03-16T10:59:26.171Z
usr_1876db82052c,amit.kumar614@example.in,Amit Kumar,+919949060989,4620-1116-4562,LLYPP4569D,"448, M.G. Road, Sector 3",Jaipur,"[""ORDER_FULFILLMENT"",""MARKETING_SMS"",""CUSTOMER_ANALYTICS""]",Amit&16337120,2026-09-07T10:59:26.171Z
usr_184d9962b8ff,gaurav.gupta615@example.in,Gaurav Gupta,+918375613404,4214-5084-9952,RXBPW0872R,"298, Anna Salai, Sector 32",Lucknow,"[""ORDER_FULFILLMENT"",""MARKETING_SMS"",""CUSTOMER_ANALYTICS""]",Gaurav$6619AC96,2026-08-24T10:59:26.171Z
usr_855b01740a67,nikhil.iyer616@example.in,Nikhil Iyer,+919436598093,2059-1453-7149,YXOPA9543H,"587, Park Street, Sector 24",Lucknow,"[""ORDER_FULFILLMENT"",""MARKETING_SMS"",""CUSTOMER_ANALYTICS""]",Nikhil%9348EBB9,2026-06-20T10:59:26.171Z
usr_b6fea26e4be2,rahul.mehta617@example.in,Rahul Mehta,+917357437699,8775-3484-8754,GREPZ8280V,"850, Park Street, Sector 21",Mumbai,"[""ORDER_FULFILLMENT"",""MARKETING_SMS"",""CUSTOMER_ANALYTICS""]",Rahul!44870553,2026-03-27T10:59:26.171Z
usr_908f9f5253e3,sneha.mehta618@example.in,Sneha Mehta,+919979537372,7845-3703-2809,MIOPF2985Y,"82, Indiranagar, Sector 14",Lucknow,"[""ORDER_FULFILLMENT"",""MARKETING_SMS"",""CUSTOMER_ANALYTICS""]",Sneha@59277C83,2026-08-25T10:59:26.171Z
usr_dd68c1858cbc,arjun.singh619@example.in,Arjun Singh,+917388600535,4152-1636-9633,CJJPU9552N,"662, SG Highway, Sector 25",Chennai,"[""ORDER_FULFILLMENT"",""MARKETING_SMS"",""CUSTOMER_ANALYTICS""]",Arjun%864733D9,2026-06-03T10:59:26.171Z
usr_a30c427c2d3f,simran.chopra620@example.in,Simran Chopra,+919152686151,2216-7144-1286,PPHPQ9894W,"387, Indiranagar, Sector 43",Chandigarh,"[""ORDER_FULFILLMENT"",""MARKETING_SMS"",""CUSTOMER_ANALYTICS""]",Simran!1860BE1E,2026-08-19T10:59:26.171Z
usr_0898d490138e,anjali.saxena621@example.in,Anjali Saxena,+919878386026,6428-9075-9471,WYLPI8762Q,"301, Koramangala, Sector 15",Chandigarh,"[""ORDER_FULFILLMENT"",""MARKETING_SMS"",""CUSTOMER_ANALYTICS""]",Anjali!3420629C,2026-09-05T10:59:26.171Z
usr_37bafac13d09,simran.deshmukh622@example.in,Simran Deshmukh,+919305759957,2810-1173-4566,JVDPD2913B,"327, Indiranagar, Sector 25",Pune,"[""ORDER_FULFILLMENT"",""MARKETING_SMS"",""CUSTOMER_ANALYTICS""]",Simran@96864D5B,2026-06-10T10:59:26.171Z
usr_e214e2c95b8d,sanjay.rao623@example.in,Sanjay Rao,+919978205850,3715-6961-8137,JZWPQ8352J,"903, Anna Salai, Sector 36",Bengaluru,"[""ORDER_FULFILLMENT"",""MARKETING_SMS"",""CUSTOMER_ANALYTICS""]",Sanjay&36167C91,2026-06-20T10:59:26.171Z
usr_f255dec8c204,ritika.bhattacharya624@example.in,Ritika Bhattacharya,+919102478918,7259-9064-5858,VBQPU6223K,"946, Sector 17, Sector 36",Kochi,"[""ORDER_FULFILLMENT"",""MARKETING_SMS"",""CUSTOMER_ANALYTICS""]",Ritika@30550512,2026-06-22T10:59:26.171Z
usr_dd7cee5ac09d,bhavna.saxena625@example.in,Bhavna Saxena,+917798544147,9386-4218-9861,KBXPE5316F,"702, Brigade Road, Sector 35",Indore,"[""ORDER_FULFILLMENT"",""MARKETING_SMS"",""CUSTOMER_ANALYTICS""]",Bhavna%41998CF0,2026-07-08T10:59:26.171Z
usr_627d29dbcdae,sunita.trivedi626@example.in,Sunita Trivedi,+918110098897,5654-1138-5072,XDVPS1430F,"775, Koramangala, Sector 28",Hyderabad,"[""ORDER_FULFILLMENT"",""MARKETING_SMS"",""CUSTOMER_ANALYTICS""]",Sunita$904213D9,2026-06-10T10:59:26.171Z
usr_bb11a75d42a5,ritu.kulkarni627@example.in,Ritu Kulkarni,+917714282045,4563-3383-4618,BNDPZ8441L,"729, Indiranagar, Sector 40",Chennai,"[""ORDER_FULFILLMENT"",""MARKETING_SMS"",""CUSTOMER_ANALYTICS""]",Ritu$90498D8E,2026-04-11T10:59:26.171Z
usr_7c1be2fe6b3a,sunita.mukherjee628@example.in,Sunita Mukherjee,+919741985998,8477-5498-6487,WVBPP5906E,"717, M.G. Road, Sector 31",Chandigarh,"[""ORDER_FULFILLMENT"",""MARKETING_SMS"",""CUSTOMER_ANALYTICS""]",Sunita$53699287,2026-08-05T10:59:26.171Z
usr_8fd64af25a6f,manish.trivedi629@example.in,Manish Trivedi,+919163737125,5584-8002-3757,ZVIPP5508X,"159, Koramangala, Sector 43",Hyderabad,"[""ORDER_FULFILLMENT"",""MARKETING_SMS"",""CUSTOMER_ANALYTICS""]",Manish&202289D8,2026-06-23T10:59:26.171Z
usr_f992e031892e,abhishek.patel630@example.in,Abhishek Patel,+919177124216,7236-3688-2298,SZBPI8262A,"682, Indiranagar, Sector 28",Delhi NCR,"[""ORDER_FULFILLMENT"",""MARKETING_SMS"",""CUSTOMER_ANALYTICS""]",Abhishek%689746A2,2026-06-01T10:59:26.171Z
usr_db4a075026b5,swati.deshmukh631@example.in,Swati Deshmukh,+917577656125,2899-5855-5376,XDXPL2651Z,"547, Banjara Hills, Sector 34",Delhi NCR,"[""ORDER_FULFILLMENT"",""MARKETING_SMS"",""CUSTOMER_ANALYTICS""]",Swati@131611CD,2026-08-06T10:59:26.171Z
usr_21002b742a20,ritika.dubey632@example.in,Ritika Dubey,+919285674217,8741-6469-7809,MIUPY2812I,"105, Park Street, Sector 26",Mumbai,"[""ORDER_FULFILLMENT"",""MARKETING_SMS"",""CUSTOMER_ANALYTICS""]",Ritika&234032B3,2026-06-21T10:59:26.171Z
usr_d0512e8a93bc,neha.trivedi633@example.in,Neha Trivedi,+917157121494,3796-7262-5226,UBGPY9190E,"987, Indiranagar, Sector 41",Delhi NCR,"[""ORDER_FULFILLMENT"",""MARKETING_SMS"",""CUSTOMER_ANALYTICS""]",Neha!29126E24,2026-07-25T10:59:26.171Z
usr_ddf2657fd9e7,rahul.bhatia634@example.in,Rahul Bhatia,+918906440378,3869-8066-4263,KLNPC9683M,"26, Park Street, Sector 27",Lucknow,"[""ORDER_FULFILLMENT"",""MARKETING_SMS"",""CUSTOMER_ANALYTICS""]",Rahul$72274421,2026-07-12T10:59:26.171Z
usr_816bcb53c6f9,karan.singh635@example.in,Karan Singh,+918845483390,6336-3774-6861,MMBPF9738L,"579, Banjara Hills, Sector 40",Ahmedabad,"[""ORDER_FULFILLMENT"",""MARKETING_SMS"",""CUSTOMER_ANALYTICS""]",Karan$1120BBE6,2026-08-29T10:59:26.171Z
usr_a52264ada601,rahul.dubey636@example.in,Rahul Dubey,+917239489739,9021-8429-9916,RXAPU3918R,"808, Park Street, Sector 25",Pune,"[""ORDER_FULFILLMENT"",""MARKETING_SMS"",""CUSTOMER_ANALYTICS""]",Rahul@925745EF,2026-07-07T10:59:26.171Z
usr_d14d10c04a05,anjali.mehta637@example.in,Anjali Mehta,+917238350723,5001-5850-1087,RKWPS7766Q,"34, Indiranagar, Sector 20",Indore,"[""ORDER_FULFILLMENT"",""MARKETING_SMS"",""CUSTOMER_ANALYTICS""]",Anjali!8955D33A,2026-05-05T10:59:26.171Z
usr_b7a09e154a22,siddharth.nair638@example.in,Siddharth Nair,+918533277547,8624-6935-3765,XZGPW5911P,"204, Sector 17, Sector 34",Indore,"[""ORDER_FULFILLMENT"",""MARKETING_SMS"",""CUSTOMER_ANALYTICS""]",Siddharth#43861BDD,2026-04-29T10:59:26.171Z
usr_4123f9ad2626,pooja.bhatia639@example.in,Pooja Bhatia,+919398352720,9063-6096-6554,EYCPJ0690C,"855, Connaught Place, Sector 32",Jaipur,"[""ORDER_FULFILLMENT"",""MARKETING_SMS"",""CUSTOMER_ANALYTICS""]",Pooja#4125F472,2026-06-04T10:59:26.171Z
usr_35dc72efbf39,dev.gupta640@example.in,Dev Gupta,+917402246489,7751-5768-9251,KXTPA7505E,"140, M.G. Road, Sector 7",Lucknow,"[""ORDER_FULFILLMENT"",""MARKETING_SMS"",""CUSTOMER_ANALYTICS""]",Dev@2293BC41,2026-05-14T10:59:26.171Z
usr_732b638ddae7,swati.rao641@example.in,Swati Rao,+917870743732,6713-8276-5813,XOEPS9083V,"793, Sector 17, Sector 32",Lucknow,"[""ORDER_FULFILLMENT"",""MARKETING_SMS"",""CUSTOMER_ANALYTICS""]",Swati!16423B8C,2026-04-06T10:59:26.171Z
usr_9d45a9b6a4ca,pallavi.gupta642@example.in,Pallavi Gupta,+918715270863,9638-9553-5258,XWUPQ6510C,"956, Sector 17, Sector 40",Kolkata,"[""ORDER_FULFILLMENT"",""MARKETING_SMS"",""CUSTOMER_ANALYTICS""]",Pallavi&4365CD72,2026-07-08T10:59:26.171Z
usr_66407670e204,nikhil.bose643@example.in,Nikhil Bose,+918655334439,8269-9109-9755,BRZPJ2971Q,"958, Indiranagar, Sector 26",Ahmedabad,"[""ORDER_FULFILLMENT"",""MARKETING_SMS"",""CUSTOMER_ANALYTICS""]",Nikhil!37772653,2026-08-11T10:59:26.171Z
usr_b639a9226ff5,aarav.malhotra644@example.in,Aarav Malhotra,+919698548704,2860-8864-4791,TDSPG6951X,"419, Koramangala, Sector 11",Chandigarh,"[""ORDER_FULFILLMENT"",""MARKETING_SMS"",""CUSTOMER_ANALYTICS""]",Aarav%697152A5,2026-06-17T10:59:26.171Z
usr_b05267900f98,pallavi.agarwal645@example.in,Pallavi Agarwal,+918914055047,3454-2930-8982,RLRPP6218D,"618, SG Highway, Sector 8",Chennai,"[""ORDER_FULFILLMENT"",""MARKETING_SMS"",""CUSTOMER_ANALYTICS""]",Pallavi@4747BA66,2026-03-29T10:59:26.171Z
usr_987ec9547636,manish.mehta646@example.in,Manish Mehta,+918607568939,8328-2922-7324,CZRPL6527O,"676, SG Highway, Sector 16",Ahmedabad,"[""ORDER_FULFILLMENT"",""MARKETING_SMS"",""CUSTOMER_ANALYTICS""]",Manish&2191F63F,2026-04-17T10:59:26.171Z
usr_e368c337c31a,shweta.mehta647@example.in,Shweta Mehta,+917794323488,8996-8862-6530,YCKPQ8719A,"126, Banjara Hills, Sector 43",Pune,"[""ORDER_FULFILLMENT"",""MARKETING_SMS"",""CUSTOMER_ANALYTICS""]",Shweta#2083652E,2026-07-10T10:59:26.171Z
usr_71072e983fcd,deepika.kulkarni648@example.in,Deepika Kulkarni,+919658706911,5155-4939-5463,WVLPH0993M,"865, M.G. Road, Sector 17",Mumbai,"[""ORDER_FULFILLMENT"",""MARKETING_SMS"",""CUSTOMER_ANALYTICS""]",Deepika$24225EC1,2026-05-09T10:59:26.171Z
usr_49993afa555d,kunal.kulkarni649@example.in,Kunal Kulkarni,+918897251132,7241-5507-8891,VVNPU3770U,"180, Connaught Place, Sector 17",Jaipur,"[""ORDER_FULFILLMENT"",""MARKETING_SMS"",""CUSTOMER_ANALYTICS""]",Kunal!246434E2,2026-09-04T10:59:26.171Z
usr_17d163596783,tanvi.joshi650@example.in,Tanvi Joshi,+917490959345,3082-5634-2029,UWMPF9621D,"463, Banjara Hills, Sector 2",Chandigarh,"[""ORDER_FULFILLMENT"",""MARKETING_SMS"",""CUSTOMER_ANALYTICS""]",Tanvi@7167AAEE,2026-05-12T10:59:26.171Z
usr_4a20da0ea292,isha.verma651@example.in,Isha Verma,+918867788210,3651-6521-2586,RSHPQ2549B,"5, M.G. Road, Sector 30",Bengaluru,"[""ORDER_FULFILLMENT"",""MARKETING_SMS"",""CUSTOMER_ANALYTICS""]",Isha@6064065C,2026-07-19T10:59:26.171Z
usr_1585e88d6f56,swati.bhattacharya652@example.in,Swati Bhattacharya,+918235989385,5439-8019-1877,FOPPN3743N,"583, FC Road, Sector 19",Delhi NCR,"[""ORDER_FULFILLMENT"",""MARKETING_SMS"",""CUSTOMER_ANALYTICS""]",Swati#2113870C,2026-05-05T10:59:26.171Z
usr_c6e0841c93f3,ritika.nair653@example.in,Ritika Nair,+919225382425,6312-9751-9980,LNSPE9928Z,"764, Banjara Hills, Sector 11",Chennai,"[""ORDER_FULFILLMENT"",""MARKETING_SMS"",""CUSTOMER_ANALYTICS""]",Ritika#675541F3,2026-08-17T10:59:26.171Z
usr_639981fee91c,varun.pandey654@example.in,Varun Pandey,+918334068341,2920-3319-8761,ALGPE6725J,"370, Brigade Road, Sector 35",Chennai,"[""ORDER_FULFILLMENT"",""MARKETING_SMS"",""CUSTOMER_ANALYTICS""]",Varun@7168CCA4,2026-08-29T10:59:26.171Z
usr_9e09895f83ff,swati.trivedi655@example.in,Swati Trivedi,+917771755418,2710-5599-2389,NPOPL6913U,"993, Koramangala, Sector 24",Bengaluru,"[""ORDER_FULFILLMENT"",""MARKETING_SMS"",""CUSTOMER_ANALYTICS""]",Swati@89500C65,2026-08-16T10:59:26.171Z
usr_ba9f1023f813,abhishek.gupta656@example.in,Abhishek Gupta,+917344214192,3923-9141-3178,WCHPL9012L,"606, Park Street, Sector 18",Delhi NCR,"[""ORDER_FULFILLMENT"",""MARKETING_SMS"",""CUSTOMER_ANALYTICS""]",Abhishek#903752E4,2026-06-03T10:59:26.171Z
usr_dd29b2ce936e,siddharth.agarwal657@example.in,Siddharth Agarwal,+918889455231,8479-3290-9930,QEQPM4498A,"720, Koramangala, Sector 11",Ahmedabad,"[""ORDER_FULFILLMENT"",""MARKETING_SMS"",""CUSTOMER_ANALYTICS""]",Siddharth&6360787E,2026-08-04T10:59:26.171Z
usr_9e7dd69b6055,sanjay.mehta658@example.in,Sanjay Mehta,+917169018106,5000-3078-6917,IRLPD2354K,"15, FC Road, Sector 27",Kochi,"[""ORDER_FULFILLMENT"",""MARKETING_SMS"",""CUSTOMER_ANALYTICS""]",Sanjay&39769B31,2026-08-02T10:59:26.171Z
usr_1997ec61cbed,gaurav.bose659@example.in,Gaurav Bose,+919482878689,2445-3737-4643,IJKPO8036W,"130, Anna Salai, Sector 17",Chandigarh,"[""ORDER_FULFILLMENT"",""MARKETING_SMS"",""CUSTOMER_ANALYTICS""]",Gaurav%1557E59E,2026-05-09T10:59:26.171Z
usr_a8508a1b971c,ritika.deshmukh660@example.in,Ritika Deshmukh,+918775404577,2551-4899-7986,VWZPZ0671W,"831, Brigade Road, Sector 42",Lucknow,"[""ORDER_FULFILLMENT"",""MARKETING_SMS"",""CUSTOMER_ANALYTICS""]",Ritika&15394E0B,2026-07-11T10:59:26.171Z
usr_d223dd316fc6,sanjay.rao661@example.in,Sanjay Rao,+917335368087,7254-6561-8362,VSZPY5162J,"437, Connaught Place, Sector 11",Chandigarh,"[""ORDER_FULFILLMENT"",""MARKETING_SMS"",""CUSTOMER_ANALYTICS""]",Sanjay#4144019C,2026-08-07T10:59:26.171Z
usr_1b8bb8333c79,arjun.dubey662@example.in,Arjun Dubey,+918647780788,5611-1997-1017,CPIPG9189S,"406, MI Road, Sector 18",Lucknow,"[""ORDER_FULFILLMENT"",""MARKETING_SMS"",""CUSTOMER_ANALYTICS""]",Arjun$370377F3,2026-03-30T10:59:26.171Z
usr_c15f7db7b0f1,sneha.mehta663@example.in,Sneha Mehta,+917109767362,3024-5842-9654,GVOPI6986Q,"588, SG Highway, Sector 30",Hyderabad,"[""ORDER_FULFILLMENT"",""MARKETING_SMS"",""CUSTOMER_ANALYTICS""]",Sneha#50224570,2026-05-31T10:59:26.171Z
usr_c4fc990fdc82,neha.chauhan664@example.in,Neha Chauhan,+918108346650,3744-7551-7645,MDZPA8157R,"771, Connaught Place, Sector 9",Bengaluru,"[""ORDER_FULFILLMENT"",""MARKETING_SMS"",""CUSTOMER_ANALYTICS""]",Neha%36719851,2026-03-20T10:59:26.171Z
usr_1b7fb791b2f7,shweta.agarwal665@example.in,Shweta Agarwal,+919991062197,8918-5017-9740,NQDPR1783C,"886, Banjara Hills, Sector 23",Kochi,"[""ORDER_FULFILLMENT"",""MARKETING_SMS"",""CUSTOMER_ANALYTICS""]",Shweta$220610A4,2026-08-06T10:59:26.171Z
usr_263a93db6d18,sunita.chauhan666@example.in,Sunita Chauhan,+919450707757,6860-8359-5406,WUCPV8418T,"194, SG Highway, Sector 6",Chennai,"[""ORDER_FULFILLMENT"",""MARKETING_SMS"",""CUSTOMER_ANALYTICS""]",Sunita&91706CE9,2026-08-10T10:59:26.171Z
usr_7297fb9b4202,priya.reddy667@example.in,Priya Reddy,+918668106229,6228-9808-3326,WWCPZ7690A,"832, Park Street, Sector 31",Lucknow,"[""ORDER_FULFILLMENT"",""MARKETING_SMS"",""CUSTOMER_ANALYTICS""]",Priya@4682895D,2026-07-06T10:59:26.171Z
usr_9db600d03a59,rajesh.kumar668@example.in,Rajesh Kumar,+917997089480,8084-9398-1042,YXSPJ9192O,"944, Connaught Place, Sector 21",Lucknow,"[""ORDER_FULFILLMENT"",""MARKETING_SMS"",""CUSTOMER_ANALYTICS""]",Rajesh#3724B87E,2026-06-19T10:59:26.171Z
usr_a174ae7924c9,anjali.chauhan669@example.in,Anjali Chauhan,+918761685597,4488-6940-5855,ZVNPX6734A,"737, Sector 17, Sector 38",Delhi NCR,"[""ORDER_FULFILLMENT"",""MARKETING_SMS"",""CUSTOMER_ANALYTICS""]",Anjali#29998438,2026-07-08T10:59:26.171Z
usr_0054f47832d6,varun.iyer670@example.in,Varun Iyer,+918863397081,7870-3694-9877,QBQPU9933P,"913, Banjara Hills, Sector 28",Chennai,"[""ORDER_FULFILLMENT"",""MARKETING_SMS"",""CUSTOMER_ANALYTICS""]",Varun@9243D1C9,2026-08-02T10:59:26.171Z
usr_b7e09d3eb7e8,pallavi.reddy671@example.in,Pallavi Reddy,+917512660472,4863-6541-8514,AJTPH3886G,"903, Connaught Place, Sector 15",Ahmedabad,"[""ORDER_FULFILLMENT"",""MARKETING_SMS"",""CUSTOMER_ANALYTICS""]",Pallavi&730167F2,2026-08-06T10:59:26.171Z
usr_f3f95ee2a74f,pooja.patel672@example.in,Pooja Patel,+917153213756,9730-1441-6357,GXTPP5834Y,"132, M.G. Road, Sector 45",Hyderabad,"[""ORDER_FULFILLMENT"",""MARKETING_SMS"",""CUSTOMER_ANALYTICS""]",Pooja#2769BF49,2026-07-14T10:59:26.171Z
usr_07e5dee042e7,amit.bhatia673@example.in,Amit Bhatia,+917640975565,3383-4568-7027,ZMHPW3741O,"630, FC Road, Sector 5",Bengaluru,"[""ORDER_FULFILLMENT"",""MARKETING_SMS"",""CUSTOMER_ANALYTICS""]",Amit#5934D7BB,2026-06-20T10:59:26.171Z
usr_45165b85dcee,siddharth.pandey674@example.in,Siddharth Pandey,+917570350807,5201-9205-7647,UJJPO7749K,"397, Koramangala, Sector 25",Kochi,"[""ORDER_FULFILLMENT"",""MARKETING_SMS"",""CUSTOMER_ANALYTICS""]",Siddharth$563867B1,2026-04-06T10:59:26.171Z
usr_f7144ee56001,sanjay.chauhan675@example.in,Sanjay Chauhan,+919277140277,7994-1973-9965,GSUPW4283O,"842, Indiranagar, Sector 33",Chandigarh,"[""ORDER_FULFILLMENT"",""MARKETING_SMS"",""CUSTOMER_ANALYTICS""]",Sanjay$96638309,2026-07-23T10:59:26.171Z
usr_d56d0ffd4d03,priya.bhattacharya676@example.in,Priya Bhattacharya,+917511396424,5167-6314-3373,SMXPZ3651G,"707, Connaught Place, Sector 15",Delhi NCR,"[""ORDER_FULFILLMENT"",""MARKETING_SMS"",""CUSTOMER_ANALYTICS""]",Priya$47267457,2026-04-01T10:59:26.171Z
usr_5175bb33e2e1,varun.joshi677@example.in,Varun Joshi,+917761856196,7382-4770-9685,AXIPO9185B,"675, Indiranagar, Sector 15",Ahmedabad,"[""ORDER_FULFILLMENT"",""MARKETING_SMS"",""CUSTOMER_ANALYTICS""]",Varun$7663A94E,2026-06-15T10:59:26.171Z
usr_0770ff4c21b0,aarav.agarwal678@example.in,Aarav Agarwal,+919502720626,8628-4062-7521,JCGPP9976A,"332, Indiranagar, Sector 16",Ahmedabad,"[""ORDER_FULFILLMENT"",""MARKETING_SMS"",""CUSTOMER_ANALYTICS""]",Aarav!6062CA27,2026-04-29T10:59:26.171Z
usr_28e3abc6f3c0,gaurav.bhatia679@example.in,Gaurav Bhatia,+918787863682,6069-9033-9831,XSXPK6474X,"797, Brigade Road, Sector 4",Chennai,"[""ORDER_FULFILLMENT"",""MARKETING_SMS"",""CUSTOMER_ANALYTICS""]",Gaurav!698463AA,2026-08-23T10:59:26.171Z
usr_947284c42ff2,manish.bhattacharya680@example.in,Manish Bhattacharya,+918556999599,2751-8091-9780,CELPS4790G,"3, Indiranagar, Sector 32",Hyderabad,"[""ORDER_FULFILLMENT"",""MARKETING_SMS"",""CUSTOMER_ANALYTICS""]",Manish&82595028,2026-06-28T10:59:26.171Z
usr_ccdd50cb4f0e,rajesh.verma681@example.in,Rajesh Verma,+917707262830,6732-8810-6388,DRXPJ1101P,"613, SG Highway, Sector 45",Chandigarh,"[""ORDER_FULFILLMENT"",""MARKETING_SMS"",""CUSTOMER_ANALYTICS""]",Rajesh&1483C8D9,2026-04-17T10:59:26.171Z
usr_2ab260fdb333,arjun.mukherjee682@example.in,Arjun Mukherjee,+919303270200,8965-4532-4125,NWMPH9958D,"952, Sector 17, Sector 34",Pune,"[""ORDER_FULFILLMENT"",""MARKETING_SMS"",""CUSTOMER_ANALYTICS""]",Arjun@54882EE2,2026-09-01T10:59:26.171Z
usr_72d4a9e1f0a9,ananya.chauhan683@example.in,Ananya Chauhan,+919539888228,4199-5750-3568,BSRPT1965B,"931, Sector 17, Sector 16",Kochi,"[""ORDER_FULFILLMENT"",""MARKETING_SMS"",""CUSTOMER_ANALYTICS""]",Ananya&218499CA,2026-05-15T10:59:26.171Z
usr_08dded6c3ba0,ananya.agarwal684@example.in,Ananya Agarwal,+919697783811,8072-6633-3917,EEPPP6797L,"756, Sector 17, Sector 5",Kochi,"[""ORDER_FULFILLMENT"",""MARKETING_SMS"",""CUSTOMER_ANALYTICS""]",Ananya&39275C19,2026-04-08T10:59:26.171Z
usr_4514bd98ce3c,meera.mehta685@example.in,Meera Mehta,+918143326125,7614-7968-2384,LVXPC7113C,"324, Anna Salai, Sector 7",Kolkata,"[""ORDER_FULFILLMENT"",""MARKETING_SMS"",""CUSTOMER_ANALYTICS""]",Meera%484156D4,2026-07-22T10:59:26.172Z
usr_2da557a4caa2,ananya.gupta686@example.in,Ananya Gupta,+919571196355,9884-9129-4882,KLKPK2887G,"503, MI Road, Sector 44",Jaipur,"[""ORDER_FULFILLMENT"",""MARKETING_SMS"",""CUSTOMER_ANALYTICS""]",Ananya!586763AC,2026-05-20T10:59:26.172Z
usr_08e0cc993ad1,divya.iyer687@example.in,Divya Iyer,+919165571622,8080-1145-9735,QTVPJ8902X,"954, Anna Salai, Sector 28",Indore,"[""ORDER_FULFILLMENT"",""MARKETING_SMS"",""CUSTOMER_ANALYTICS""]",Divya$6008BAEB,2026-04-21T10:59:26.172Z
usr_3fb8c40ec616,alok.pillai688@example.in,Alok Pillai,+917932615218,6810-3647-5529,IUDPP1815B,"199, Park Street, Sector 21",Pune,"[""ORDER_FULFILLMENT"",""MARKETING_SMS"",""CUSTOMER_ANALYTICS""]",Alok&7982D3B0,2026-07-23T10:59:26.172Z
usr_3dd85c229ec0,aditya.singh689@example.in,Aditya Singh,+917758375868,6613-3328-3065,LEWPV9256F,"528, Indiranagar, Sector 4",Chennai,"[""ORDER_FULFILLMENT"",""MARKETING_SMS"",""CUSTOMER_ANALYTICS""]",Aditya&4534A070,2026-07-12T10:59:26.172Z
usr_cb8ba74e0e0f,rajesh.kapoor690@example.in,Rajesh Kapoor,+917790659633,5568-7052-7887,OBGPR5647Y,"846, Brigade Road, Sector 42",Jaipur,"[""ORDER_FULFILLMENT"",""MARKETING_SMS"",""CUSTOMER_ANALYTICS""]",Rajesh!1259F15C,2026-05-03T10:59:26.172Z
usr_00ac0a4ab786,pooja.malhotra691@example.in,Pooja Malhotra,+918435797989,2590-9778-9970,FWEPX1834A,"654, Connaught Place, Sector 35",Pune,"[""ORDER_FULFILLMENT"",""MARKETING_SMS"",""CUSTOMER_ANALYTICS""]",Pooja!8523CB58,2026-05-03T10:59:26.172Z
usr_afb9cf002336,gaurav.kumar692@example.in,Gaurav Kumar,+918762796588,9798-5583-5339,SLQPQ9301S,"460, Park Street, Sector 13",Chandigarh,"[""ORDER_FULFILLMENT"",""MARKETING_SMS"",""CUSTOMER_ANALYTICS""]",Gaurav%122522DE,2026-03-17T10:59:26.172Z
usr_728d016a815f,alok.joshi693@example.in,Alok Joshi,+918974554524,6331-5981-1555,BVPPD9832G,"723, Anna Salai, Sector 20",Chandigarh,"[""ORDER_FULFILLMENT"",""MARKETING_SMS"",""CUSTOMER_ANALYTICS""]",Alok$7525315B,2026-06-30T10:59:26.172Z
usr_49f3221ccc54,amit.pillai694@example.in,Amit Pillai,+918823557643,7297-3986-5133,TXTPG9309L,"449, MI Road, Sector 3",Pune,"[""ORDER_FULFILLMENT"",""MARKETING_SMS"",""CUSTOMER_ANALYTICS""]",Amit@218438A5,2026-07-16T10:59:26.172Z
usr_04301ccf822a,ananya.sharma695@example.in,Ananya Sharma,+917295942154,4931-2883-1938,QTZPR2240L,"51, MI Road, Sector 27",Jaipur,"[""ORDER_FULFILLMENT"",""MARKETING_SMS"",""CUSTOMER_ANALYTICS""]",Ananya#7317352B,2026-07-19T10:59:26.172Z
usr_974641ebe81a,varun.verma696@example.in,Varun Verma,+917518633331,9446-4947-4012,TIEPV9912E,"188, SG Highway, Sector 10",Mumbai,"[""ORDER_FULFILLMENT"",""MARKETING_SMS"",""CUSTOMER_ANALYTICS""]",Varun&5135894D,2026-04-12T10:59:26.172Z
usr_47841ef34f5e,aarav.reddy697@example.in,Aarav Reddy,+919212021373,2756-4221-8034,NEWPJ8854C,"134, Anna Salai, Sector 17",Chennai,"[""ORDER_FULFILLMENT"",""MARKETING_SMS"",""CUSTOMER_ANALYTICS""]",Aarav%40137199,2026-06-24T10:59:26.172Z
usr_fe1af4253e4c,ananya.iyer698@example.in,Ananya Iyer,+919711196716,4642-1109-8596,KBSPE5186F,"528, Sector 17, Sector 34",Pune,"[""ORDER_FULFILLMENT"",""MARKETING_SMS"",""CUSTOMER_ANALYTICS""]",Ananya%408698EF,2026-03-14T10:59:26.172Z
usr_4d20be398812,rohan.gupta699@example.in,Rohan Gupta,+918384476610,4276-3299-1909,MQVPT0306E,"514, Brigade Road, Sector 43",Hyderabad,"[""ORDER_FULFILLMENT"",""MARKETING_SMS"",""CUSTOMER_ANALYTICS""]",Rohan&605954B1,2026-03-27T10:59:26.172Z
usr_6be9eb0c93e9,harsh.mishra700@example.in,Harsh Mishra,+917754585425,5121-4633-5944,GQZPU5178U,"705, Park Street, Sector 6",Indore,"[""ORDER_FULFILLMENT"",""MARKETING_SMS"",""CUSTOMER_ANALYTICS""]",Harsh#5475F898,2026-03-28T10:59:26.172Z
usr_700b320f71e8,sunita.bose701@example.in,Sunita Bose,+917828137167,3363-9800-6282,TOYPY9470Q,"348, Anna Salai, Sector 5",Delhi NCR,"[""ORDER_FULFILLMENT"",""MARKETING_SMS"",""CUSTOMER_ANALYTICS""]",Sunita$4795B96F,2026-07-19T10:59:26.172Z
usr_8ca9bc010143,priya.verma702@example.in,Priya Verma,+917674226568,8677-6440-3089,OADPS1124U,"104, SG Highway, Sector 37",Kochi,"[""ORDER_FULFILLMENT"",""MARKETING_SMS"",""CUSTOMER_ANALYTICS""]",Priya%29550165,2026-08-18T10:59:26.172Z
usr_db2fce61fbc9,karan.verma703@example.in,Karan Verma,+917856599758,3749-4640-3156,FGQPC1050O,"593, Koramangala, Sector 4",Chennai,"[""ORDER_FULFILLMENT"",""MARKETING_SMS"",""CUSTOMER_ANALYTICS""]",Karan#23964D08,2026-07-04T10:59:26.172Z
usr_bd7a861eb412,varun.patel704@example.in,Varun Patel,+918781245961,5165-3052-1656,WNJPO0410U,"258, SG Highway, Sector 4",Delhi NCR,"[""ORDER_FULFILLMENT"",""MARKETING_SMS"",""CUSTOMER_ANALYTICS""]",Varun#5661FD6C,2026-07-05T10:59:26.172Z
usr_40f1f2037821,siddharth.kapoor705@example.in,Siddharth Kapoor,+917516858365,5255-1629-7338,OTMPE5682F,"27, Brigade Road, Sector 18",Chandigarh,"[""ORDER_FULFILLMENT"",""MARKETING_SMS"",""CUSTOMER_ANALYTICS""]",Siddharth!31663F4D,2026-05-24T10:59:26.172Z
usr_d742d0c6f29f,rajesh.deshmukh706@example.in,Rajesh Deshmukh,+919957540665,7732-6613-6138,JZUPU2360E,"767, Brigade Road, Sector 31",Indore,"[""ORDER_FULFILLMENT"",""MARKETING_SMS"",""CUSTOMER_ANALYTICS""]",Rajesh&5893B3BD,2026-05-19T10:59:26.172Z
usr_a397e2043d7f,harsh.deshmukh707@example.in,Harsh Deshmukh,+919692372849,4855-3245-4133,VWKPW8836G,"550, M.G. Road, Sector 17",Ahmedabad,"[""ORDER_FULFILLMENT"",""MARKETING_SMS"",""CUSTOMER_ANALYTICS""]",Harsh#61350209,2026-05-15T10:59:26.172Z
usr_40f061cab413,anjali.reddy708@example.in,Anjali Reddy,+919488446276,9826-6695-5914,XTUPL4643B,"671, Koramangala, Sector 4",Chennai,"[""ORDER_FULFILLMENT"",""MARKETING_SMS"",""CUSTOMER_ANALYTICS""]",Anjali&53260A7A,2026-07-17T10:59:26.172Z
usr_a09e61b57d8a,aditya.pillai709@example.in,Aditya Pillai,+917897749177,8510-4371-5067,ECXPA6642Y,"201, Anna Salai, Sector 2",Mumbai,"[""ORDER_FULFILLMENT"",""MARKETING_SMS"",""CUSTOMER_ANALYTICS""]",Aditya!713320AB,2026-07-03T10:59:26.172Z
usr_d56052e9d3cd,harsh.deshmukh710@example.in,Harsh Deshmukh,+919726734621,2053-6471-5415,HYCPL1490B,"703, Connaught Place, Sector 22",Bengaluru,"[""ORDER_FULFILLMENT"",""MARKETING_SMS"",""CUSTOMER_ANALYTICS""]",Harsh$87284BCC,2026-04-24T10:59:26.172Z
usr_77af4d57c803,dev.joshi711@example.in,Dev Joshi,+918692155437,2222-3759-6724,WBOPP0182T,"95, M.G. Road, Sector 3",Kochi,"[""ORDER_FULFILLMENT"",""MARKETING_SMS"",""CUSTOMER_ANALYTICS""]",Dev&7829C57A,2026-07-28T10:59:26.172Z
usr_a3545f629e6d,kavita.sharma712@example.in,Kavita Sharma,+919766442606,2575-4494-6082,VOBPA9510I,"529, Koramangala, Sector 20",Chennai,"[""ORDER_FULFILLMENT"",""MARKETING_SMS"",""CUSTOMER_ANALYTICS""]",Kavita#55269CAF,2026-05-23T10:59:26.172Z
usr_ff016c7dc821,alok.sharma713@example.in,Alok Sharma,+919969855972,6183-4753-3718,WKBPV2675A,"960, FC Road, Sector 40",Kolkata,"[""ORDER_FULFILLMENT"",""MARKETING_SMS"",""CUSTOMER_ANALYTICS""]",Alok&10109F22,2026-08-01T10:59:26.172Z
usr_9755a684b96b,ritu.mishra714@example.in,Ritu Mishra,+918398428378,9652-3567-7438,EMPPS8470F,"603, FC Road, Sector 4",Lucknow,"[""ORDER_FULFILLMENT"",""MARKETING_SMS"",""CUSTOMER_ANALYTICS""]",Ritu$79604E79,2026-05-07T10:59:26.172Z
usr_a9a1a4a75c93,dev.menon715@example.in,Dev Menon,+917597993951,4230-4276-8001,LYMPJ6218U,"451, M.G. Road, Sector 19",Pune,"[""ORDER_FULFILLMENT"",""MARKETING_SMS"",""CUSTOMER_ANALYTICS""]",Dev!39302AB1,2026-07-04T10:59:26.172Z
usr_6b907f205b32,anjali.mukherjee716@example.in,Anjali Mukherjee,+918429233218,5301-8782-9252,JLNPJ4001A,"288, Banjara Hills, Sector 10",Delhi NCR,"[""ORDER_FULFILLMENT"",""MARKETING_SMS"",""CUSTOMER_ANALYTICS""]",Anjali%3276FDA2,2026-07-29T10:59:26.172Z
usr_c1a09566cea1,rahul.iyer717@example.in,Rahul Iyer,+919459447612,3004-4617-8507,HVFPJ7471S,"304, SG Highway, Sector 10",Jaipur,"[""ORDER_FULFILLMENT"",""MARKETING_SMS"",""CUSTOMER_ANALYTICS""]",Rahul$8997887D,2026-05-04T10:59:26.172Z
usr_95c3e46cc5ba,gaurav.agarwal718@example.in,Gaurav Agarwal,+918691681716,7418-8111-7905,AVKPQ2115V,"53, Anna Salai, Sector 3",Chandigarh,"[""ORDER_FULFILLMENT"",""MARKETING_SMS"",""CUSTOMER_ANALYTICS""]",Gaurav%8349131C,2026-03-14T10:59:26.172Z
usr_3515c35f1b49,neha.chopra719@example.in,Neha Chopra,+918455764413,4009-3338-5402,MFRPM3891O,"784, SG Highway, Sector 6",Pune,"[""ORDER_FULFILLMENT"",""MARKETING_SMS"",""CUSTOMER_ANALYTICS""]",Neha%4230E2B0,2026-05-21T10:59:26.172Z
usr_305d2224143c,varun.chatterjee720@example.in,Varun Chatterjee,+919199259805,8194-7685-4760,NAJPN6021V,"244, Koramangala, Sector 45",Ahmedabad,"[""ORDER_FULFILLMENT"",""MARKETING_SMS"",""CUSTOMER_ANALYTICS""]",Varun#25049D57,2026-06-05T10:59:26.172Z
usr_e03b9ed8be4e,harsh.chauhan721@example.in,Harsh Chauhan,+917409928921,9509-3641-9634,MCMPQ4562C,"313, Banjara Hills, Sector 26",Chandigarh,"[""ORDER_FULFILLMENT"",""MARKETING_SMS"",""CUSTOMER_ANALYTICS""]",Harsh$86229860,2026-04-26T10:59:26.172Z
usr_a6d217f3b561,divya.kapoor722@example.in,Divya Kapoor,+918337976272,8994-5040-9995,KBXPN6557T,"649, Park Street, Sector 40",Chandigarh,"[""ORDER_FULFILLMENT"",""MARKETING_SMS"",""CUSTOMER_ANALYTICS""]",Divya&8894C7DE,2026-04-27T10:59:26.172Z
usr_3e3c8da3edd2,tanvi.trivedi723@example.in,Tanvi Trivedi,+918600794264,8237-9824-4555,NNEPB5112R,"303, MI Road, Sector 25",Indore,"[""ORDER_FULFILLMENT"",""MARKETING_SMS"",""CUSTOMER_ANALYTICS""]",Tanvi@49918D80,2026-06-09T10:59:26.172Z
usr_55cf8ecb5932,siddharth.verma724@example.in,Siddharth Verma,+918401940464,8766-9880-8165,LPKPE3115R,"208, Indiranagar, Sector 37",Ahmedabad,"[""ORDER_FULFILLMENT"",""MARKETING_SMS"",""CUSTOMER_ANALYTICS""]",Siddharth#2584EAF3,2026-04-30T10:59:26.172Z
usr_8398fb8d9872,kunal.iyer725@example.in,Kunal Iyer,+917156263999,8682-6148-5043,MOAPO5868J,"225, Brigade Road, Sector 42",Lucknow,"[""ORDER_FULFILLMENT"",""MARKETING_SMS"",""CUSTOMER_ANALYTICS""]",Kunal&330272BE,2026-06-17T10:59:26.172Z
usr_aa583a26a5ef,varun.trivedi726@example.in,Varun Trivedi,+917163891471,5104-8398-7030,KLGPO1163K,"746, Anna Salai, Sector 34",Chennai,"[""ORDER_FULFILLMENT"",""MARKETING_SMS"",""CUSTOMER_ANALYTICS""]",Varun#7394E0DA,2026-03-11T10:59:26.172Z
usr_fe1cb720db23,simran.reddy727@example.in,Simran Reddy,+918100198885,8469-7169-3788,UVDPG2393W,"534, Banjara Hills, Sector 11",Indore,"[""ORDER_FULFILLMENT"",""MARKETING_SMS"",""CUSTOMER_ANALYTICS""]",Simran#7666DA2E,2026-05-20T10:59:26.172Z
usr_6ccb8725b8c7,divya.mukherjee728@example.in,Divya Mukherjee,+918641501663,2789-2815-4880,XNVPE7065D,"32, M.G. Road, Sector 19",Jaipur,"[""ORDER_FULFILLMENT"",""MARKETING_SMS"",""CUSTOMER_ANALYTICS""]",Divya!249720B2,2026-04-02T10:59:26.172Z
usr_1c84dbea8b46,rajesh.dubey729@example.in,Rajesh Dubey,+919281920742,7756-6816-3506,ERCPU7316W,"763, MI Road, Sector 15",Kolkata,"[""ORDER_FULFILLMENT"",""MARKETING_SMS"",""CUSTOMER_ANALYTICS""]",Rajesh@3555B868,2026-04-30T10:59:26.172Z
usr_022a2489fc38,manish.bhattacharya730@example.in,Manish Bhattacharya,+918608378395,9827-4706-5914,HMBPK9919T,"198, MI Road, Sector 13",Jaipur,"[""ORDER_FULFILLMENT"",""MARKETING_SMS"",""CUSTOMER_ANALYTICS""]",Manish$67814571,2026-06-11T10:59:26.172Z
usr_113628187b4b,alok.reddy731@example.in,Alok Reddy,+917413767393,3689-9346-8291,WBPPL8086O,"443, Anna Salai, Sector 19",Indore,"[""ORDER_FULFILLMENT"",""MARKETING_SMS"",""CUSTOMER_ANALYTICS""]",Alok#72213DD7,2026-09-01T10:59:26.172Z
usr_fbedd4020c3a,ananya.chatterjee732@example.in,Ananya Chatterjee,+917379502907,2746-9009-4203,OUQPY4876B,"477, Sector 17, Sector 28",Pune,"[""ORDER_FULFILLMENT"",""MARKETING_SMS"",""CUSTOMER_ANALYTICS""]",Ananya$44991232,2026-06-26T10:59:26.172Z
usr_d1d83cae2c63,gaurav.kulkarni733@example.in,Gaurav Kulkarni,+918114889477,2737-1003-4105,FYNPU6304B,"686, Sector 17, Sector 4",Chandigarh,"[""ORDER_FULFILLMENT"",""MARKETING_SMS"",""CUSTOMER_ANALYTICS""]",Gaurav%7060A91F,2026-08-16T10:59:26.172Z
usr_82ae99ef9071,rohan.dubey734@example.in,Rohan Dubey,+917615693768,8156-5875-6432,CYUPR5779R,"446, MI Road, Sector 32",Chennai,"[""ORDER_FULFILLMENT"",""MARKETING_SMS"",""CUSTOMER_ANALYTICS""]",Rohan!48078C30,2026-03-24T10:59:26.172Z
usr_0415cfca815d,neha.mehta735@example.in,Neha Mehta,+919686203347,5400-4930-1270,XCYPW2268M,"175, Park Street, Sector 2",Kolkata,"[""ORDER_FULFILLMENT"",""MARKETING_SMS"",""CUSTOMER_ANALYTICS""]",Neha!2436F3DA,2026-06-29T10:59:26.172Z
usr_c77aba4a1688,ritu.saxena736@example.in,Ritu Saxena,+917266425566,9191-7664-8138,EANPO2434R,"676, Brigade Road, Sector 16",Ahmedabad,"[""ORDER_FULFILLMENT"",""MARKETING_SMS"",""CUSTOMER_ANALYTICS""]",Ritu$5224434C,2026-06-24T10:59:26.172Z
usr_c92054dbf980,sneha.joshi737@example.in,Sneha Joshi,+917198596761,7607-9449-6020,UAXPC7806Z,"99, MI Road, Sector 16",Bengaluru,"[""ORDER_FULFILLMENT"",""MARKETING_SMS"",""CUSTOMER_ANALYTICS""]",Sneha#43589A62,2026-07-27T10:59:26.172Z
usr_9ca3b60acb26,deepika.joshi738@example.in,Deepika Joshi,+918724925124,9128-6950-4029,AYBPN9109P,"420, FC Road, Sector 5",Chandigarh,"[""ORDER_FULFILLMENT"",""MARKETING_SMS"",""CUSTOMER_ANALYTICS""]",Deepika&5536A4CD,2026-05-29T10:59:26.172Z
usr_2157958dcc12,neha.nair739@example.in,Neha Nair,+919732151620,6647-8011-8780,YKPPJ4772C,"334, Anna Salai, Sector 35",Bengaluru,"[""ORDER_FULFILLMENT"",""MARKETING_SMS"",""CUSTOMER_ANALYTICS""]",Neha&8769309F,2026-09-07T10:59:26.172Z
usr_fa5fc499076f,sanjay.dubey740@example.in,Sanjay Dubey,+917538072726,9488-2499-1403,QQBPL5070N,"741, Park Street, Sector 8",Chennai,"[""ORDER_FULFILLMENT"",""MARKETING_SMS"",""CUSTOMER_ANALYTICS""]",Sanjay@5903A544,2026-07-06T10:59:26.172Z
usr_3cbc4c5d205c,sanjay.mehta741@example.in,Sanjay Mehta,+919277612736,5303-1511-6517,OLPPD0577W,"795, Park Street, Sector 7",Hyderabad,"[""ORDER_FULFILLMENT"",""MARKETING_SMS"",""CUSTOMER_ANALYTICS""]",Sanjay$3642D6BF,2026-04-28T10:59:26.172Z
usr_7fbc01841138,ritu.singh742@example.in,Ritu Singh,+918761861939,8292-4302-1797,SSXPV1127E,"637, M.G. Road, Sector 2",Kolkata,"[""ORDER_FULFILLMENT"",""MARKETING_SMS"",""CUSTOMER_ANALYTICS""]",Ritu!3906D87F,2026-07-06T10:59:26.172Z
usr_58be21d3dcb3,kavita.kapoor743@example.in,Kavita Kapoor,+919363009702,9332-2153-9535,NHPPR3538B,"283, Brigade Road, Sector 43",Kochi,"[""ORDER_FULFILLMENT"",""MARKETING_SMS"",""CUSTOMER_ANALYTICS""]",Kavita!9487AE94,2026-03-28T10:59:26.172Z
usr_2cfeb523022a,bhavna.mukherjee744@example.in,Bhavna Mukherjee,+919796577780,6983-1909-8073,HOMPV4830R,"707, Banjara Hills, Sector 7",Delhi NCR,"[""ORDER_FULFILLMENT"",""MARKETING_SMS"",""CUSTOMER_ANALYTICS""]",Bhavna&57549023,2026-04-08T10:59:26.172Z
usr_a853c6b25dad,ritu.saxena745@example.in,Ritu Saxena,+919966792163,8221-3127-8722,PUAPA9065H,"195, Indiranagar, Sector 18",Jaipur,"[""ORDER_FULFILLMENT"",""MARKETING_SMS"",""CUSTOMER_ANALYTICS""]",Ritu#6863BFF2,2026-05-06T10:59:26.172Z
usr_4b6f25b078a8,simran.chatterjee746@example.in,Simran Chatterjee,+918336176482,8417-1775-2342,GCFPF0085W,"780, Banjara Hills, Sector 38",Hyderabad,"[""ORDER_FULFILLMENT"",""MARKETING_SMS"",""CUSTOMER_ANALYTICS""]",Simran&2556DF0E,2026-07-22T10:59:26.172Z
usr_dfa1d0772961,priya.pandey747@example.in,Priya Pandey,+918727445746,8907-9525-4601,PDHPE5444B,"962, SG Highway, Sector 15",Indore,"[""ORDER_FULFILLMENT"",""MARKETING_SMS"",""CUSTOMER_ANALYTICS""]",Priya&9500D25F,2026-05-25T10:59:26.172Z
usr_cc888fb992c2,isha.chauhan748@example.in,Isha Chauhan,+917245018327,9202-2317-5899,LJRPX9385D,"944, Banjara Hills, Sector 2",Kolkata,"[""ORDER_FULFILLMENT"",""MARKETING_SMS"",""CUSTOMER_ANALYTICS""]",Isha!662515A1,2026-09-01T10:59:26.172Z
usr_0ee3bf209f34,sunita.mehta749@example.in,Sunita Mehta,+918995711705,4883-9273-2468,PSCPF0151H,"911, Banjara Hills, Sector 38",Pune,"[""ORDER_FULFILLMENT"",""MARKETING_SMS"",""CUSTOMER_ANALYTICS""]",Sunita%62501070,2026-06-19T10:59:26.172Z
usr_15a8c667b902,sunita.pandey750@example.in,Sunita Pandey,+917629050956,4146-6526-6606,SXFPA8651I,"964, Sector 17, Sector 11",Mumbai,"[""ORDER_FULFILLMENT"",""MARKETING_SMS"",""CUSTOMER_ANALYTICS""]",Sunita$7516C6CD,2026-06-27T10:59:26.172Z
usr_f63bad277322,tanvi.saxena751@example.in,Tanvi Saxena,+919435417438,8375-4710-7268,KXDPD8795Q,"789, Koramangala, Sector 9",Mumbai,"[""ORDER_FULFILLMENT"",""MARKETING_SMS"",""CUSTOMER_ANALYTICS""]",Tanvi#2326A4D7,2026-06-23T10:59:26.172Z
usr_fab7d1ee676d,sneha.bhattacharya752@example.in,Sneha Bhattacharya,+917699750637,2695-8926-4078,BBZPQ5714Q,"230, Indiranagar, Sector 19",Delhi NCR,"[""ORDER_FULFILLMENT"",""MARKETING_SMS"",""CUSTOMER_ANALYTICS""]",Sneha!7478B239,2026-07-30T10:59:26.172Z
usr_eb20fe824bbf,gaurav.verma753@example.in,Gaurav Verma,+918813540025,5672-2403-3973,OBVPO8665J,"328, Brigade Road, Sector 13",Bengaluru,"[""ORDER_FULFILLMENT"",""MARKETING_SMS"",""CUSTOMER_ANALYTICS""]",Gaurav#9785166C,2026-08-19T10:59:26.172Z
usr_3a202f4d6300,karan.iyer754@example.in,Karan Iyer,+917990224298,8327-1680-7223,IEOPO6671U,"495, Koramangala, Sector 22",Ahmedabad,"[""ORDER_FULFILLMENT"",""MARKETING_SMS"",""CUSTOMER_ANALYTICS""]",Karan$71321212,2026-07-09T10:59:26.172Z
usr_ad8d951f87b0,meera.kumar755@example.in,Meera Kumar,+918703724908,4571-1588-7633,HQWPH2059Q,"608, MI Road, Sector 19",Ahmedabad,"[""ORDER_FULFILLMENT"",""MARKETING_SMS"",""CUSTOMER_ANALYTICS""]",Meera&11391F2A,2026-04-06T10:59:26.172Z
usr_7195d42ab192,manish.saxena756@example.in,Manish Saxena,+918137186814,3257-8398-5064,WLPPD6567U,"368, SG Highway, Sector 11",Delhi NCR,"[""ORDER_FULFILLMENT"",""MARKETING_SMS"",""CUSTOMER_ANALYTICS""]",Manish!831956B1,2026-04-24T10:59:26.172Z
usr_153b19e68902,alok.pillai757@example.in,Alok Pillai,+919930815174,2249-6176-2000,CJVPK5751M,"454, Koramangala, Sector 28",Indore,"[""ORDER_FULFILLMENT"",""MARKETING_SMS"",""CUSTOMER_ANALYTICS""]",Alok%50893724,2026-08-24T10:59:26.172Z
usr_f8f400aafbaa,divya.patel758@example.in,Divya Patel,+919179298747,8219-2269-9299,WRHPG8893V,"865, Koramangala, Sector 15",Kolkata,"[""ORDER_FULFILLMENT"",""MARKETING_SMS"",""CUSTOMER_ANALYTICS""]",Divya%3649F2BB,2026-05-25T10:59:26.172Z
usr_118b88295cfd,harsh.malhotra759@example.in,Harsh Malhotra,+917517063275,2819-6001-5912,BSLPL9343P,"382, MI Road, Sector 33",Hyderabad,"[""ORDER_FULFILLMENT"",""MARKETING_SMS"",""CUSTOMER_ANALYTICS""]",Harsh@59736CAF,2026-04-23T10:59:26.172Z
usr_e23d98097225,neha.saxena760@example.in,Neha Saxena,+919149620447,9936-5238-2941,NLLPY4950O,"593, Brigade Road, Sector 9",Indore,"[""ORDER_FULFILLMENT"",""MARKETING_SMS"",""CUSTOMER_ANALYTICS""]",Neha$5933364F,2026-08-03T10:59:26.172Z
usr_1a39c758e6e3,abhishek.patel761@example.in,Abhishek Patel,+917123128171,8256-4907-9445,PAXPC9044E,"761, Banjara Hills, Sector 37",Lucknow,"[""ORDER_FULFILLMENT"",""MARKETING_SMS"",""CUSTOMER_ANALYTICS""]",Abhishek$4085D235,2026-08-21T10:59:26.172Z
usr_f8826a09e38e,swati.gupta762@example.in,Swati Gupta,+919561699518,8138-5241-1532,RLUPE7309G,"3, MI Road, Sector 5",Hyderabad,"[""ORDER_FULFILLMENT"",""MARKETING_SMS"",""CUSTOMER_ANALYTICS""]",Swati!791482F0,2026-08-30T10:59:26.172Z
usr_5233dc89dccf,ritu.mishra763@example.in,Ritu Mishra,+918548962172,4588-1222-5816,TRSPH7653O,"670, Banjara Hills, Sector 40",Delhi NCR,"[""ORDER_FULFILLMENT"",""MARKETING_SMS"",""CUSTOMER_ANALYTICS""]",Ritu#1660B8AA,2026-07-26T10:59:26.172Z
usr_369105fe2f32,nikhil.malhotra764@example.in,Nikhil Malhotra,+917729453273,3129-2746-9993,TLHPW2152A,"957, MI Road, Sector 5",Delhi NCR,"[""ORDER_FULFILLMENT"",""MARKETING_SMS"",""CUSTOMER_ANALYTICS""]",Nikhil!9568D52D,2026-09-07T10:59:26.172Z
usr_f8dc598b8540,ritu.kapoor765@example.in,Ritu Kapoor,+918165788487,7526-5282-6878,FKUPZ6069E,"559, MI Road, Sector 7",Chennai,"[""ORDER_FULFILLMENT"",""MARKETING_SMS"",""CUSTOMER_ANALYTICS""]",Ritu@1559FCA0,2026-07-06T10:59:26.172Z
usr_922e14968f9f,pooja.singh766@example.in,Pooja Singh,+917597938261,8851-8521-3172,FYPPL3547C,"796, Connaught Place, Sector 9",Kochi,"[""ORDER_FULFILLMENT"",""MARKETING_SMS"",""CUSTOMER_ANALYTICS""]",Pooja%78016B3B,2026-08-09T10:59:26.172Z
usr_7c1bb588d5be,isha.pillai767@example.in,Isha Pillai,+917479220022,8900-5693-5433,WQZPC4710Z,"989, MI Road, Sector 30",Bengaluru,"[""ORDER_FULFILLMENT"",""MARKETING_SMS"",""CUSTOMER_ANALYTICS""]",Isha#6875A864,2026-09-01T10:59:26.172Z
usr_1e3b76022a57,rohan.mehta768@example.in,Rohan Mehta,+918499037329,9370-7583-2322,SZSPT9252A,"163, Banjara Hills, Sector 25",Kochi,"[""ORDER_FULFILLMENT"",""MARKETING_SMS"",""CUSTOMER_ANALYTICS""]",Rohan$64400C3D,2026-04-24T10:59:26.172Z
usr_9f0bd41b0f7c,pallavi.chauhan769@example.in,Pallavi Chauhan,+918795832116,8430-4706-6780,QSXPP5092A,"829, M.G. Road, Sector 32",Pune,"[""ORDER_FULFILLMENT"",""MARKETING_SMS"",""CUSTOMER_ANALYTICS""]",Pallavi@26883BFE,2026-04-30T10:59:26.172Z
usr_65a321361195,isha.pandey770@example.in,Isha Pandey,+919979542098,6074-7070-8578,RJTPO5262F,"960, Sector 17, Sector 26",Bengaluru,"[""ORDER_FULFILLMENT"",""MARKETING_SMS"",""CUSTOMER_ANALYTICS""]",Isha$9909C696,2026-07-26T10:59:26.172Z
usr_1d09d708c4a1,pooja.kulkarni771@example.in,Pooja Kulkarni,+918766937869,9239-5591-1864,QUMPB3928C,"427, Brigade Road, Sector 17",Pune,"[""ORDER_FULFILLMENT"",""MARKETING_SMS"",""CUSTOMER_ANALYTICS""]",Pooja!2260D35C,2026-05-27T10:59:26.172Z
usr_be0aba66caa2,karan.malhotra772@example.in,Karan Malhotra,+918295878798,6461-1289-9290,WMUPX0185I,"911, Anna Salai, Sector 35",Indore,"[""ORDER_FULFILLMENT"",""MARKETING_SMS"",""CUSTOMER_ANALYTICS""]",Karan@16017767,2026-03-22T10:59:26.172Z
usr_d60db65d0e06,ananya.singh773@example.in,Ananya Singh,+918157838953,5169-6059-7786,CAEPW1528T,"584, Indiranagar, Sector 27",Mumbai,"[""ORDER_FULFILLMENT"",""MARKETING_SMS"",""CUSTOMER_ANALYTICS""]",Ananya@2711EEB8,2026-08-10T10:59:26.172Z
usr_f6b7ff790cf3,pallavi.reddy774@example.in,Pallavi Reddy,+919686336196,8371-4105-4695,NNNPS8638W,"889, M.G. Road, Sector 8",Kolkata,"[""ORDER_FULFILLMENT"",""MARKETING_SMS"",""CUSTOMER_ANALYTICS""]",Pallavi$87532D79,2026-05-17T10:59:26.172Z
usr_19e15b107520,tanvi.nair775@example.in,Tanvi Nair,+918408606738,2311-4769-7081,BFJPN9375L,"805, Banjara Hills, Sector 28",Chennai,"[""ORDER_FULFILLMENT"",""MARKETING_SMS"",""CUSTOMER_ANALYTICS""]",Tanvi#61880673,2026-05-22T10:59:26.172Z
usr_6622a24c7748,dev.joshi776@example.in,Dev Joshi,+918216124176,7542-1408-2733,LYFPL1203G,"322, Park Street, Sector 34",Delhi NCR,"[""ORDER_FULFILLMENT"",""MARKETING_SMS"",""CUSTOMER_ANALYTICS""]",Dev$1150DC82,2026-04-23T10:59:26.172Z
usr_5cf69dcc5e89,rajesh.mehta777@example.in,Rajesh Mehta,+919647981754,4400-5672-2758,IVUPP5561N,"566, Koramangala, Sector 3",Kolkata,"[""ORDER_FULFILLMENT"",""MARKETING_SMS"",""CUSTOMER_ANALYTICS""]",Rajesh#70395A2F,2026-07-14T10:59:26.172Z
usr_75d7fafece23,deepika.pillai778@example.in,Deepika Pillai,+919856177545,8767-8568-9909,OYSPF9625M,"373, Connaught Place, Sector 34",Hyderabad,"[""ORDER_FULFILLMENT"",""MARKETING_SMS"",""CUSTOMER_ANALYTICS""]",Deepika#44158A7F,2026-05-11T10:59:26.172Z
usr_24a767cb6781,karan.iyer779@example.in,Karan Iyer,+917383154302,5581-5715-4431,ESOPT7619T,"34, Koramangala, Sector 13",Delhi NCR,"[""ORDER_FULFILLMENT"",""MARKETING_SMS"",""CUSTOMER_ANALYTICS""]",Karan%9070CF4F,2026-04-06T10:59:26.172Z
usr_612814f079d9,harsh.patel780@example.in,Harsh Patel,+919403142098,8379-8836-8220,GXPPG4063F,"29, Brigade Road, Sector 26",Ahmedabad,"[""ORDER_FULFILLMENT"",""MARKETING_SMS"",""CUSTOMER_ANALYTICS""]",Harsh%39792E92,2026-04-18T10:59:26.172Z
usr_3c0aed5d3dbe,sunita.saxena781@example.in,Sunita Saxena,+918249707375,6711-4273-4660,XQLPG5327Z,"937, Sector 17, Sector 15",Ahmedabad,"[""ORDER_FULFILLMENT"",""MARKETING_SMS"",""CUSTOMER_ANALYTICS""]",Sunita!82826B9C,2026-08-25T10:59:26.172Z
usr_374d6fc82166,nikhil.kulkarni782@example.in,Nikhil Kulkarni,+918786206061,6171-8618-3100,YCRPH0176E,"172, FC Road, Sector 40",Kochi,"[""ORDER_FULFILLMENT"",""MARKETING_SMS"",""CUSTOMER_ANALYTICS""]",Nikhil!17430A00,2026-05-16T10:59:26.172Z
usr_df34d9b97522,bhavna.singh783@example.in,Bhavna Singh,+917585709861,2810-2531-1889,PGKPU5405S,"547, FC Road, Sector 21",Ahmedabad,"[""ORDER_FULFILLMENT"",""MARKETING_SMS"",""CUSTOMER_ANALYTICS""]",Bhavna#88390979,2026-08-29T10:59:26.172Z
usr_73b0a7d5fc53,rohan.reddy784@example.in,Rohan Reddy,+917396804671,6013-2306-1658,EMJPO4660S,"75, Anna Salai, Sector 32",Bengaluru,"[""ORDER_FULFILLMENT"",""MARKETING_SMS"",""CUSTOMER_ANALYTICS""]",Rohan!757554DC,2026-05-03T10:59:26.172Z
usr_aa31c0f46209,neha.verma785@example.in,Neha Verma,+919791786897,9828-5687-8467,VRAPO5915Z,"981, Brigade Road, Sector 42",Mumbai,"[""ORDER_FULFILLMENT"",""MARKETING_SMS"",""CUSTOMER_ANALYTICS""]",Neha&8454EAF2,2026-07-13T10:59:26.172Z
usr_c1a1990d3035,shweta.gupta786@example.in,Shweta Gupta,+919490025343,2145-7419-1341,UTSPS1494T,"909, Anna Salai, Sector 22",Kochi,"[""ORDER_FULFILLMENT"",""MARKETING_SMS"",""CUSTOMER_ANALYTICS""]",Shweta!5648C804,2026-08-06T10:59:26.172Z
usr_b12d1eaf9b00,arjun.patel787@example.in,Arjun Patel,+917172863424,7203-3661-6470,ZOUPN4519K,"618, Park Street, Sector 9",Ahmedabad,"[""ORDER_FULFILLMENT"",""MARKETING_SMS"",""CUSTOMER_ANALYTICS""]",Arjun@7614E3A0,2026-06-21T10:59:26.172Z
usr_33faf6b450a7,karan.mishra788@example.in,Karan Mishra,+919650957345,8692-1328-8238,HINPS7977F,"734, Banjara Hills, Sector 35",Delhi NCR,"[""ORDER_FULFILLMENT"",""MARKETING_SMS"",""CUSTOMER_ANALYTICS""]",Karan$7576D715,2026-04-18T10:59:26.172Z
usr_b445dabfe3b1,gaurav.sharma789@example.in,Gaurav Sharma,+918739923227,4846-3920-7723,YGFPD7893C,"607, Indiranagar, Sector 3",Hyderabad,"[""ORDER_FULFILLMENT"",""MARKETING_SMS"",""CUSTOMER_ANALYTICS""]",Gaurav%86793019,2026-04-21T10:59:26.172Z
usr_e80126fc933b,aditya.menon790@example.in,Aditya Menon,+918386389598,9815-5366-2646,IVSPS4617P,"126, Brigade Road, Sector 45",Ahmedabad,"[""ORDER_FULFILLMENT"",""MARKETING_SMS"",""CUSTOMER_ANALYTICS""]",Aditya&33036670,2026-03-14T10:59:26.172Z
usr_7b1c509a969b,ritika.malhotra791@example.in,Ritika Malhotra,+919992931308,2742-3173-5762,VCIPG0421X,"659, MI Road, Sector 31",Chandigarh,"[""ORDER_FULFILLMENT"",""MARKETING_SMS"",""CUSTOMER_ANALYTICS""]",Ritika%97944D5A,2026-06-23T10:59:26.172Z
usr_4eeef4620d46,arjun.chatterjee792@example.in,Arjun Chatterjee,+919745604467,3356-2615-5337,CNCPR6177E,"957, M.G. Road, Sector 35",Indore,"[""ORDER_FULFILLMENT"",""MARKETING_SMS"",""CUSTOMER_ANALYTICS""]",Arjun@68776AF5,2026-05-20T10:59:26.172Z
usr_d912c96ba5ae,dev.kulkarni793@example.in,Dev Kulkarni,+917213602253,3092-6063-3235,PCZPI7996G,"512, Brigade Road, Sector 32",Kochi,"[""ORDER_FULFILLMENT"",""MARKETING_SMS"",""CUSTOMER_ANALYTICS""]",Dev!5766ECFE,2026-04-28T10:59:26.172Z
usr_444d25d5d093,kavita.nair794@example.in,Kavita Nair,+917980470928,5426-1109-3845,OKOPH9779S,"856, Connaught Place, Sector 41",Kolkata,"[""ORDER_FULFILLMENT"",""MARKETING_SMS"",""CUSTOMER_ANALYTICS""]",Kavita$3476F67F,2026-03-24T10:59:26.172Z
usr_1f2dc12ee8df,ritika.kumar795@example.in,Ritika Kumar,+918500063292,9068-5926-2983,YIUPQ7728V,"242, Anna Salai, Sector 7",Pune,"[""ORDER_FULFILLMENT"",""MARKETING_SMS"",""CUSTOMER_ANALYTICS""]",Ritika%5021A3DD,2026-06-02T10:59:26.172Z
usr_3ff0138678df,sanjay.kapoor796@example.in,Sanjay Kapoor,+919377647813,9700-6766-5190,FHTPF6024I,"916, Brigade Road, Sector 5",Indore,"[""ORDER_FULFILLMENT"",""MARKETING_SMS"",""CUSTOMER_ANALYTICS""]",Sanjay@58928446,2026-08-25T10:59:26.172Z
usr_cf2b257a9f5d,deepika.bhattacharya797@example.in,Deepika Bhattacharya,+919320477376,3287-8957-7861,VDWPD7334N,"360, M.G. Road, Sector 14",Lucknow,"[""ORDER_FULFILLMENT"",""MARKETING_SMS"",""CUSTOMER_ANALYTICS""]",Deepika$4265608F,2026-05-05T10:59:26.172Z
usr_d05f7c452268,gaurav.dubey798@example.in,Gaurav Dubey,+917901340974,8731-2584-9612,BTSPG3137P,"494, Brigade Road, Sector 14",Chennai,"[""ORDER_FULFILLMENT"",""MARKETING_SMS"",""CUSTOMER_ANALYTICS""]",Gaurav!1544E471,2026-03-19T10:59:26.172Z
usr_e171105f5601,pallavi.dubey799@example.in,Pallavi Dubey,+917868361522,4290-8230-3693,HFXPY0571H,"484, Brigade Road, Sector 14",Kochi,"[""ORDER_FULFILLMENT"",""MARKETING_SMS"",""CUSTOMER_ANALYTICS""]",Pallavi@92861F23,2026-05-25T10:59:26.172Z
usr_e4df1c99048a,ritika.pillai800@example.in,Ritika Pillai,+918982037970,5722-9945-8175,RQDPG1586X,"463, Brigade Road, Sector 7",Lucknow,"[""ORDER_FULFILLMENT"",""MARKETING_SMS"",""CUSTOMER_ANALYTICS""]",Ritika@3901221A,2026-06-24T10:59:26.172Z
usr_f1142d75c41d,deepika.bhattacharya801@example.in,Deepika Bhattacharya,+918869868715,7857-7938-1161,PAWPE6927K,"594, Park Street, Sector 18",Hyderabad,"[""ORDER_FULFILLMENT"",""MARKETING_SMS"",""CUSTOMER_ANALYTICS""]",Deepika%71959F6C,2026-08-14T10:59:26.172Z
usr_c04679648a78,harsh.pandey802@example.in,Harsh Pandey,+919684793407,9544-2434-9635,ASDPI9442Q,"870, Koramangala, Sector 41",Jaipur,"[""ORDER_FULFILLMENT"",""MARKETING_SMS"",""CUSTOMER_ANALYTICS""]",Harsh!7364AFCB,2026-06-21T10:59:26.172Z
usr_8d76f99347ae,rahul.kumar803@example.in,Rahul Kumar,+919133389161,5801-7591-4356,VCTPB3656X,"347, Anna Salai, Sector 36",Chennai,"[""ORDER_FULFILLMENT"",""MARKETING_SMS"",""CUSTOMER_ANALYTICS""]",Rahul&4092888B,2026-05-08T10:59:26.172Z
usr_aa5f4a7f3997,deepika.bhatia804@example.in,Deepika Bhatia,+919290614072,8654-2398-5768,BRUPA3656D,"108, M.G. Road, Sector 4",Ahmedabad,"[""ORDER_FULFILLMENT"",""MARKETING_SMS"",""CUSTOMER_ANALYTICS""]",Deepika%9188B685,2026-08-05T10:59:26.172Z
usr_0a0f78e801d8,ritu.singh805@example.in,Ritu Singh,+917896864525,9535-1258-7751,TRQPU0948R,"383, Koramangala, Sector 25",Lucknow,"[""ORDER_FULFILLMENT"",""MARKETING_SMS"",""CUSTOMER_ANALYTICS""]",Ritu&4951BCD0,2026-08-21T10:59:26.172Z
usr_88d0051b64b9,kavita.dubey806@example.in,Kavita Dubey,+917991177392,3376-9520-7689,WBJPG1579B,"489, Park Street, Sector 5",Hyderabad,"[""ORDER_FULFILLMENT"",""MARKETING_SMS"",""CUSTOMER_ANALYTICS""]",Kavita&375953A1,2026-07-06T10:59:26.172Z
usr_cb3adcb00070,rajesh.bose807@example.in,Rajesh Bose,+919566713452,7019-1139-4450,KFWPR9753S,"836, Banjara Hills, Sector 32",Lucknow,"[""ORDER_FULFILLMENT"",""MARKETING_SMS"",""CUSTOMER_ANALYTICS""]",Rajesh%2233BCBF,2026-07-14T10:59:26.172Z
usr_4b579cf33586,rohan.nair808@example.in,Rohan Nair,+919627965946,9675-4997-2581,ZVGPC6895W,"118, Koramangala, Sector 40",Mumbai,"[""ORDER_FULFILLMENT"",""MARKETING_SMS"",""CUSTOMER_ANALYTICS""]",Rohan#7215DD4E,2026-09-06T10:59:26.172Z
usr_ef40e455b1e2,simran.malhotra809@example.in,Simran Malhotra,+917567908745,7824-3717-1049,SUTPE2506D,"340, Brigade Road, Sector 14",Hyderabad,"[""ORDER_FULFILLMENT"",""MARKETING_SMS"",""CUSTOMER_ANALYTICS""]",Simran#7997A1FD,2026-06-07T10:59:26.172Z
usr_08e31a357270,divya.nair810@example.in,Divya Nair,+918767252572,8834-7534-1703,FNXPP4519I,"734, Anna Salai, Sector 38",Kochi,"[""ORDER_FULFILLMENT"",""MARKETING_SMS"",""CUSTOMER_ANALYTICS""]",Divya!95912B21,2026-06-30T10:59:26.172Z
usr_76ac1c558ed8,vikram.sharma811@example.in,Vikram Sharma,+917407929081,3596-3940-6298,RXTPO0580W,"234, Park Street, Sector 35",Kochi,"[""ORDER_FULFILLMENT"",""MARKETING_SMS"",""CUSTOMER_ANALYTICS""]",Vikram&9365654C,2026-06-03T10:59:26.172Z
usr_09e48433bc61,pooja.saxena812@example.in,Pooja Saxena,+918881912318,9252-9044-7006,TCJPF8109K,"56, Indiranagar, Sector 19",Lucknow,"[""ORDER_FULFILLMENT"",""MARKETING_SMS"",""CUSTOMER_ANALYTICS""]",Pooja@8208C849,2026-08-13T10:59:26.172Z
usr_bba2f7e61aa0,priya.malhotra813@example.in,Priya Malhotra,+917983646246,3210-9530-7449,WFQPK7650X,"628, Indiranagar, Sector 42",Chandigarh,"[""ORDER_FULFILLMENT"",""MARKETING_SMS"",""CUSTOMER_ANALYTICS""]",Priya@6723D6AA,2026-05-21T10:59:26.172Z
usr_103624651147,abhishek.trivedi814@example.in,Abhishek Trivedi,+918536585504,6651-9778-2648,MUDPS9927B,"467, MI Road, Sector 17",Bengaluru,"[""ORDER_FULFILLMENT"",""MARKETING_SMS"",""CUSTOMER_ANALYTICS""]",Abhishek&7143AE5A,2026-06-07T10:59:26.172Z
usr_ecd47d664fa0,kunal.bhatia815@example.in,Kunal Bhatia,+918268989809,4042-8804-8933,ZKVPK6989C,"26, Connaught Place, Sector 27",Kolkata,"[""ORDER_FULFILLMENT"",""MARKETING_SMS"",""CUSTOMER_ANALYTICS""]",Kunal$22923E29,2026-08-09T10:59:26.172Z
usr_04b81adbc7b9,anjali.chopra816@example.in,Anjali Chopra,+919690082695,9150-7535-1021,RJLPI1323Y,"895, Banjara Hills, Sector 31",Kochi,"[""ORDER_FULFILLMENT"",""MARKETING_SMS"",""CUSTOMER_ANALYTICS""]",Anjali@7125E239,2026-07-04T10:59:26.172Z
usr_2b5629367121,dev.trivedi817@example.in,Dev Trivedi,+918858627471,8532-3521-5670,CIUPO8271B,"692, Koramangala, Sector 22",Delhi NCR,"[""ORDER_FULFILLMENT"",""MARKETING_SMS"",""CUSTOMER_ANALYTICS""]",Dev@6891F772,2026-07-10T10:59:26.172Z
usr_20e94a0c024f,manish.menon818@example.in,Manish Menon,+918788574669,2078-7557-3965,YBIPZ4333O,"102, M.G. Road, Sector 11",Ahmedabad,"[""ORDER_FULFILLMENT"",""MARKETING_SMS"",""CUSTOMER_ANALYTICS""]",Manish$32326274,2026-06-15T10:59:26.172Z
usr_fe488ed2401c,gaurav.chauhan819@example.in,Gaurav Chauhan,+918555991516,4441-2247-6438,CNIPK6411L,"846, Banjara Hills, Sector 38",Chennai,"[""ORDER_FULFILLMENT"",""MARKETING_SMS"",""CUSTOMER_ANALYTICS""]",Gaurav%5914D74D,2026-08-19T10:59:26.172Z
usr_9309e1349923,tanvi.singh820@example.in,Tanvi Singh,+918702717953,5661-6589-5938,XMTPB3838H,"778, Indiranagar, Sector 13",Jaipur,"[""ORDER_FULFILLMENT"",""MARKETING_SMS"",""CUSTOMER_ANALYTICS""]",Tanvi#95109E89,2026-07-17T10:59:26.172Z
usr_c6045e8d0416,rohan.malhotra821@example.in,Rohan Malhotra,+919214808197,5571-5782-7745,ASCPQ4766Q,"348, Banjara Hills, Sector 6",Hyderabad,"[""ORDER_FULFILLMENT"",""MARKETING_SMS"",""CUSTOMER_ANALYTICS""]",Rohan@6480EDF0,2026-03-20T10:59:26.173Z
usr_4a52b368e683,rahul.bose822@example.in,Rahul Bose,+919615589639,6645-6065-5185,IWZPF7717H,"548, SG Highway, Sector 10",Pune,"[""ORDER_FULFILLMENT"",""MARKETING_SMS"",""CUSTOMER_ANALYTICS""]",Rahul%4243C59C,2026-03-19T10:59:26.173Z
usr_9f9f1b4bbeb3,sanjay.mehta823@example.in,Sanjay Mehta,+917567619596,5711-4864-9027,VWPPA8088U,"336, SG Highway, Sector 43",Chandigarh,"[""ORDER_FULFILLMENT"",""MARKETING_SMS"",""CUSTOMER_ANALYTICS""]",Sanjay&83969127,2026-08-02T10:59:26.173Z
usr_c70cd40dc3f6,vikram.gupta824@example.in,Vikram Gupta,+918408464788,6222-9296-8135,EFUPK7579R,"557, Koramangala, Sector 3",Chennai,"[""ORDER_FULFILLMENT"",""MARKETING_SMS"",""CUSTOMER_ANALYTICS""]",Vikram@77435BD0,2026-05-29T10:59:26.173Z
usr_f36f592a73d5,rahul.sharma825@example.in,Rahul Sharma,+918625773596,2924-2669-4742,KQHPN3900G,"889, Anna Salai, Sector 26",Chennai,"[""ORDER_FULFILLMENT"",""MARKETING_SMS"",""CUSTOMER_ANALYTICS""]",Rahul&79602F9B,2026-04-06T10:59:26.173Z
usr_e0d29baf7782,ritika.bose826@example.in,Ritika Bose,+917995821483,4714-7992-2216,MZXPI3979N,"578, FC Road, Sector 16",Lucknow,"[""ORDER_FULFILLMENT"",""MARKETING_SMS"",""CUSTOMER_ANALYTICS""]",Ritika&592558BB,2026-07-04T10:59:26.173Z
usr_9fc6d8d69d0d,vikram.joshi827@example.in,Vikram Joshi,+918731062481,9506-6268-1849,UKBPD0835D,"715, Sector 17, Sector 31",Indore,"[""ORDER_FULFILLMENT"",""MARKETING_SMS"",""CUSTOMER_ANALYTICS""]",Vikram&69122258,2026-07-27T10:59:26.173Z
usr_c3da1ba371d0,amit.bhattacharya828@example.in,Amit Bhattacharya,+919908519600,4494-9229-1112,OVOPH5288T,"121, MI Road, Sector 16",Bengaluru,"[""ORDER_FULFILLMENT"",""MARKETING_SMS"",""CUSTOMER_ANALYTICS""]",Amit%46441D10,2026-04-03T10:59:26.173Z
usr_8a5b265f3c62,harsh.chatterjee829@example.in,Harsh Chatterjee,+918739770000,8287-4995-4912,INQPE6157D,"711, Connaught Place, Sector 13",Jaipur,"[""ORDER_FULFILLMENT"",""MARKETING_SMS"",""CUSTOMER_ANALYTICS""]",Harsh#4868F984,2026-08-15T10:59:26.173Z
usr_58cebbcecebe,rohan.menon830@example.in,Rohan Menon,+918699238157,7458-4770-8712,ZJCPZ5370S,"852, SG Highway, Sector 14",Mumbai,"[""ORDER_FULFILLMENT"",""MARKETING_SMS"",""CUSTOMER_ANALYTICS""]",Rohan@543413CA,2026-03-12T10:59:26.173Z
usr_c75a4a80f2bd,nikhil.iyer831@example.in,Nikhil Iyer,+917511004685,5682-6367-1491,TQVPY5423D,"608, M.G. Road, Sector 10",Pune,"[""ORDER_FULFILLMENT"",""MARKETING_SMS"",""CUSTOMER_ANALYTICS""]",Nikhil@22755FF7,2026-07-24T10:59:26.173Z
usr_b8d2e99e46ae,tanvi.chatterjee832@example.in,Tanvi Chatterjee,+918118992422,4079-5743-1316,FDHPY5566U,"411, M.G. Road, Sector 25",Hyderabad,"[""ORDER_FULFILLMENT"",""MARKETING_SMS"",""CUSTOMER_ANALYTICS""]",Tanvi$992580A7,2026-08-05T10:59:26.173Z
usr_8d64e811e728,alok.joshi833@example.in,Alok Joshi,+917459748625,9671-4399-1314,YVTPT8881R,"811, Brigade Road, Sector 32",Chandigarh,"[""ORDER_FULFILLMENT"",""MARKETING_SMS"",""CUSTOMER_ANALYTICS""]",Alok$30980288,2026-08-16T10:59:26.173Z
usr_70b945a6a717,rajesh.bhattacharya834@example.in,Rajesh Bhattacharya,+917678391909,2259-9330-7745,EDJPC2578L,"197, Brigade Road, Sector 11",Ahmedabad,"[""ORDER_FULFILLMENT"",""MARKETING_SMS"",""CUSTOMER_ANALYTICS""]",Rajesh&37590D0F,2026-05-07T10:59:26.173Z
usr_60fcb108685d,gaurav.mukherjee835@example.in,Gaurav Mukherjee,+918379578176,5544-3097-4753,DIDPK9504V,"372, Indiranagar, Sector 34",Indore,"[""ORDER_FULFILLMENT"",""MARKETING_SMS"",""CUSTOMER_ANALYTICS""]",Gaurav$7070D3AE,2026-05-08T10:59:26.173Z
usr_48bf54e498aa,varun.chauhan836@example.in,Varun Chauhan,+919796681781,4467-3720-8810,ZTTPF7215N,"261, Banjara Hills, Sector 13",Chandigarh,"[""ORDER_FULFILLMENT"",""MARKETING_SMS"",""CUSTOMER_ANALYTICS""]",Varun@6121BB67,2026-04-15T10:59:26.173Z
usr_02c8e4dc8a6f,rahul.pillai837@example.in,Rahul Pillai,+918854105526,9540-3836-8117,TWMPZ3211Q,"708, Koramangala, Sector 31",Ahmedabad,"[""ORDER_FULFILLMENT"",""MARKETING_SMS"",""CUSTOMER_ANALYTICS""]",Rahul@3915758C,2026-05-09T10:59:26.173Z
usr_c4456ed8b4c2,shweta.patel838@example.in,Shweta Patel,+919987288919,8305-2476-6529,ZZLPM1343C,"503, SG Highway, Sector 26",Kolkata,"[""ORDER_FULFILLMENT"",""MARKETING_SMS"",""CUSTOMER_ANALYTICS""]",Shweta#7997E0B0,2026-06-12T10:59:26.173Z
usr_fb460a6c0e12,priya.trivedi839@example.in,Priya Trivedi,+918610795381,8832-1598-6156,RJYPK1208W,"722, MI Road, Sector 30",Ahmedabad,"[""ORDER_FULFILLMENT"",""MARKETING_SMS"",""CUSTOMER_ANALYTICS""]",Priya!47456D32,2026-08-27T10:59:26.173Z
usr_e5113b5bd29e,rohan.pillai840@example.in,Rohan Pillai,+917929522948,3581-4331-6847,MKEPW6513Q,"835, M.G. Road, Sector 20",Chandigarh,"[""ORDER_FULFILLMENT"",""MARKETING_SMS"",""CUSTOMER_ANALYTICS""]",Rohan%8594294F,2026-04-20T10:59:26.173Z
usr_b744ffabf415,tanvi.saxena841@example.in,Tanvi Saxena,+917906230865,3537-2744-9907,RTGPW4856X,"799, Brigade Road, Sector 23",Lucknow,"[""ORDER_FULFILLMENT"",""MARKETING_SMS"",""CUSTOMER_ANALYTICS""]",Tanvi$2669D267,2026-04-19T10:59:26.173Z
usr_3da60ed7d06c,meera.saxena842@example.in,Meera Saxena,+918861626438,3270-4413-7132,BBCPC4084B,"398, Connaught Place, Sector 22",Mumbai,"[""ORDER_FULFILLMENT"",""MARKETING_SMS"",""CUSTOMER_ANALYTICS""]",Meera#7089725A,2026-04-21T10:59:26.173Z
usr_e55da9315b34,ananya.trivedi843@example.in,Ananya Trivedi,+918925068997,5289-4061-6158,DECPF6411E,"64, MI Road, Sector 13",Bengaluru,"[""ORDER_FULFILLMENT"",""MARKETING_SMS"",""CUSTOMER_ANALYTICS""]",Ananya!1307DDB6,2026-05-03T10:59:26.173Z
usr_1ac6cb32c049,deepika.bose844@example.in,Deepika Bose,+919870199358,7655-9166-8935,WPTPN4351Z,"403, Sector 17, Sector 43",Delhi NCR,"[""ORDER_FULFILLMENT"",""MARKETING_SMS"",""CUSTOMER_ANALYTICS""]",Deepika$17059F7B,2026-07-14T10:59:26.173Z
usr_5f9f72729125,kunal.malhotra845@example.in,Kunal Malhotra,+917205511675,7749-2809-9169,FHLPC0441U,"637, Park Street, Sector 35",Pune,"[""ORDER_FULFILLMENT"",""MARKETING_SMS"",""CUSTOMER_ANALYTICS""]",Kunal!9916E8EC,2026-06-26T10:59:26.173Z
usr_146d642a5261,divya.malhotra846@example.in,Divya Malhotra,+918553790586,5454-5448-1744,VNDPT5385V,"880, M.G. Road, Sector 25",Delhi NCR,"[""ORDER_FULFILLMENT"",""MARKETING_SMS"",""CUSTOMER_ANALYTICS""]",Divya%33925A56,2026-06-15T10:59:26.173Z
usr_1d2dd69e1e41,rahul.kulkarni847@example.in,Rahul Kulkarni,+918895302341,7799-9982-4625,KVWPV2337M,"35, Connaught Place, Sector 38",Chandigarh,"[""ORDER_FULFILLMENT"",""MARKETING_SMS"",""CUSTOMER_ANALYTICS""]",Rahul#70714251,2026-06-10T10:59:26.173Z
usr_e4de2d3ac492,priya.chatterjee848@example.in,Priya Chatterjee,+918384422555,7287-5411-2810,NJAPR6101X,"185, Banjara Hills, Sector 21",Kochi,"[""ORDER_FULFILLMENT"",""MARKETING_SMS"",""CUSTOMER_ANALYTICS""]",Priya%50109D36,2026-06-12T10:59:26.173Z
usr_58e43e99d5e7,siddharth.mehta849@example.in,Siddharth Mehta,+918593641978,7437-5336-8274,VWCPF7184X,"845, Park Street, Sector 3",Mumbai,"[""ORDER_FULFILLMENT"",""MARKETING_SMS"",""CUSTOMER_ANALYTICS""]",Siddharth%4063C458,2026-09-02T10:59:26.173Z
usr_f446ccbfc0d2,bhavna.kapoor850@example.in,Bhavna Kapoor,+919635218816,6711-7331-6489,DXRPH1634P,"731, Park Street, Sector 34",Mumbai,"[""ORDER_FULFILLMENT"",""MARKETING_SMS"",""CUSTOMER_ANALYTICS""]",Bhavna%3805CE29,2026-08-31T10:59:26.173Z
usr_7ab67e38936d,dev.patel851@example.in,Dev Patel,+918344177275,8474-2637-9131,GSCPZ0331A,"503, MI Road, Sector 14",Kolkata,"[""ORDER_FULFILLMENT"",""MARKETING_SMS"",""CUSTOMER_ANALYTICS""]",Dev@37836280,2026-05-01T10:59:26.173Z
usr_2bc5cb6490e5,abhishek.reddy852@example.in,Abhishek Reddy,+919197811685,3997-6553-2096,GKHPI8718T,"848, M.G. Road, Sector 45",Kochi,"[""ORDER_FULFILLMENT"",""MARKETING_SMS"",""CUSTOMER_ANALYTICS""]",Abhishek#7939AEF1,2026-07-09T10:59:26.173Z
usr_cfd7d3829c87,isha.bhatia853@example.in,Isha Bhatia,+918553351962,2897-5578-1343,LIDPR0723F,"979, M.G. Road, Sector 30",Kochi,"[""ORDER_FULFILLMENT"",""MARKETING_SMS"",""CUSTOMER_ANALYTICS""]",Isha!76302DA6,2026-05-08T10:59:26.173Z
usr_c6ba9081194f,nikhil.deshmukh854@example.in,Nikhil Deshmukh,+917696515847,8785-5340-4039,UXBPQ2516F,"650, Connaught Place, Sector 20",Bengaluru,"[""ORDER_FULFILLMENT"",""MARKETING_SMS"",""CUSTOMER_ANALYTICS""]",Nikhil$7370369D,2026-08-11T10:59:26.173Z
usr_9e354dbb8c58,aditya.mukherjee855@example.in,Aditya Mukherjee,+918912341739,5979-6271-9305,DCOPG1340Z,"525, SG Highway, Sector 20",Ahmedabad,"[""ORDER_FULFILLMENT"",""MARKETING_SMS"",""CUSTOMER_ANALYTICS""]",Aditya!5057D709,2026-06-02T10:59:26.173Z
usr_902ce57803ef,deepika.iyer856@example.in,Deepika Iyer,+919535043412,6052-8917-3023,LQOPJ6418J,"768, Indiranagar, Sector 2",Delhi NCR,"[""ORDER_FULFILLMENT"",""MARKETING_SMS"",""CUSTOMER_ANALYTICS""]",Deepika!3287C187,2026-03-28T10:59:26.173Z
usr_31bbebbbc10b,dev.gupta857@example.in,Dev Gupta,+917998007841,5204-3583-2512,RFLPG6136V,"624, M.G. Road, Sector 3",Bengaluru,"[""ORDER_FULFILLMENT"",""MARKETING_SMS"",""CUSTOMER_ANALYTICS""]",Dev&3902FA8A,2026-08-26T10:59:26.173Z
usr_acf4397f597f,isha.pillai858@example.in,Isha Pillai,+918469582087,2441-1007-4193,GZAPJ4264N,"757, Banjara Hills, Sector 39",Kolkata,"[""ORDER_FULFILLMENT"",""MARKETING_SMS"",""CUSTOMER_ANALYTICS""]",Isha&53816E5E,2026-05-31T10:59:26.173Z
usr_1e0f0fb910f9,ritu.chauhan859@example.in,Ritu Chauhan,+918937856490,9646-4353-4819,GDXPX1265X,"130, M.G. Road, Sector 43",Kolkata,"[""ORDER_FULFILLMENT"",""MARKETING_SMS"",""CUSTOMER_ANALYTICS""]",Ritu%376258F6,2026-03-18T10:59:26.173Z
usr_d1e6c10ba0fb,simran.singh860@example.in,Simran Singh,+917293896879,2900-8700-3733,JSWPJ0797B,"598, Brigade Road, Sector 38",Delhi NCR,"[""ORDER_FULFILLMENT"",""MARKETING_SMS"",""CUSTOMER_ANALYTICS""]",Simran&94533370,2026-06-21T10:59:26.173Z
usr_ebb9173eb85a,dev.mukherjee861@example.in,Dev Mukherjee,+918668175720,5660-8943-5633,MKJPT5972T,"753, Indiranagar, Sector 2",Chandigarh,"[""ORDER_FULFILLMENT"",""MARKETING_SMS"",""CUSTOMER_ANALYTICS""]",Dev!4536D864,2026-06-07T10:59:26.173Z
usr_482e54332a04,shweta.joshi862@example.in,Shweta Joshi,+917583867058,4261-5589-8910,DMUPL3507C,"713, FC Road, Sector 23",Chennai,"[""ORDER_FULFILLMENT"",""MARKETING_SMS"",""CUSTOMER_ANALYTICS""]",Shweta@770402CF,2026-08-21T10:59:26.173Z
usr_513c6d73f074,amit.trivedi863@example.in,Amit Trivedi,+918869702187,7403-8012-2591,EREPW3651W,"416, FC Road, Sector 16",Pune,"[""ORDER_FULFILLMENT"",""MARKETING_SMS"",""CUSTOMER_ANALYTICS""]",Amit@754890AA,2026-03-30T10:59:26.173Z
usr_cce1daaa3471,shweta.iyer864@example.in,Shweta Iyer,+918907260402,9070-4263-1957,HIYPZ9598Z,"286, MI Road, Sector 29",Indore,"[""ORDER_FULFILLMENT"",""MARKETING_SMS"",""CUSTOMER_ANALYTICS""]",Shweta$19416DCD,2026-07-01T10:59:26.173Z
usr_641efe05097e,aditya.nair865@example.in,Aditya Nair,+917692140338,3921-2586-6299,MELPX3121H,"965, SG Highway, Sector 23",Bengaluru,"[""ORDER_FULFILLMENT"",""MARKETING_SMS"",""CUSTOMER_ANALYTICS""]",Aditya&5301D6B4,2026-07-22T10:59:26.173Z
usr_1259958e1bf5,harsh.mishra866@example.in,Harsh Mishra,+918687398934,4127-9822-7952,CWYPT6821M,"270, Koramangala, Sector 42",Hyderabad,"[""ORDER_FULFILLMENT"",""MARKETING_SMS"",""CUSTOMER_ANALYTICS""]",Harsh&445863D6,2026-07-13T10:59:26.173Z
usr_1a629ea629dc,sneha.chauhan867@example.in,Sneha Chauhan,+919776016866,6196-6318-4092,BIVPT4377F,"618, Brigade Road, Sector 21",Hyderabad,"[""ORDER_FULFILLMENT"",""MARKETING_SMS"",""CUSTOMER_ANALYTICS""]",Sneha@3403CF02,2026-03-21T10:59:26.173Z
usr_3534ef02e50e,arjun.menon868@example.in,Arjun Menon,+917508768093,8229-5803-2410,XVLPY8767Y,"642, Banjara Hills, Sector 43",Bengaluru,"[""ORDER_FULFILLMENT"",""MARKETING_SMS"",""CUSTOMER_ANALYTICS""]",Arjun@9763646C,2026-08-03T10:59:26.173Z
usr_a0a53639696a,divya.trivedi869@example.in,Divya Trivedi,+917244240808,8942-3449-7375,HJBPR2932P,"559, Anna Salai, Sector 4",Lucknow,"[""ORDER_FULFILLMENT"",""MARKETING_SMS"",""CUSTOMER_ANALYTICS""]",Divya$945047ED,2026-05-05T10:59:26.173Z
usr_b82ada21b033,siddharth.sharma870@example.in,Siddharth Sharma,+919429031395,4066-5591-4787,NZZPD9396W,"504, Koramangala, Sector 19",Kolkata,"[""ORDER_FULFILLMENT"",""MARKETING_SMS"",""CUSTOMER_ANALYTICS""]",Siddharth%6377E17C,2026-04-28T10:59:26.173Z
usr_c38de9b82294,rajesh.dubey871@example.in,Rajesh Dubey,+918307714606,9195-8183-4298,HIFPG0264W,"490, MI Road, Sector 7",Mumbai,"[""ORDER_FULFILLMENT"",""MARKETING_SMS"",""CUSTOMER_ANALYTICS""]",Rajesh%3334082C,2026-06-28T10:59:26.173Z
usr_cca880869b66,priya.bose872@example.in,Priya Bose,+917802194511,5146-7845-3864,SZYPO1381T,"241, Indiranagar, Sector 13",Kolkata,"[""ORDER_FULFILLMENT"",""MARKETING_SMS"",""CUSTOMER_ANALYTICS""]",Priya!56228A05,2026-03-29T10:59:26.173Z
usr_cdb562c889ec,arjun.chauhan873@example.in,Arjun Chauhan,+919139180226,8755-8178-6300,BRTPO9787J,"549, MI Road, Sector 29",Chennai,"[""ORDER_FULFILLMENT"",""MARKETING_SMS"",""CUSTOMER_ANALYTICS""]",Arjun$7224E7C3,2026-04-21T10:59:26.173Z
usr_f0bf004ff850,pooja.iyer874@example.in,Pooja Iyer,+917256471386,3153-7494-5463,YLCPY3493M,"152, Banjara Hills, Sector 6",Indore,"[""ORDER_FULFILLMENT"",""MARKETING_SMS"",""CUSTOMER_ANALYTICS""]",Pooja!9933836D,2026-05-05T10:59:26.173Z
usr_08d076fca981,kavita.singh875@example.in,Kavita Singh,+918177878692,9100-8599-2617,UTXPN5299H,"343, Sector 17, Sector 42",Bengaluru,"[""ORDER_FULFILLMENT"",""MARKETING_SMS"",""CUSTOMER_ANALYTICS""]",Kavita!21036678,2026-05-07T10:59:26.173Z
usr_c8492e298337,swati.chatterjee876@example.in,Swati Chatterjee,+918493456936,3533-7625-7308,WJKPN5770P,"527, Koramangala, Sector 42",Kochi,"[""ORDER_FULFILLMENT"",""MARKETING_SMS"",""CUSTOMER_ANALYTICS""]",Swati$14647C24,2026-08-30T10:59:26.173Z
usr_e295caf59dd0,vikram.iyer877@example.in,Vikram Iyer,+918974412207,9592-7954-8930,SYQPD5328Y,"813, Banjara Hills, Sector 28",Mumbai,"[""ORDER_FULFILLMENT"",""MARKETING_SMS"",""CUSTOMER_ANALYTICS""]",Vikram#76547B02,2026-03-11T10:59:26.173Z
usr_0fe57da8e1bb,nikhil.kulkarni878@example.in,Nikhil Kulkarni,+919992187446,8470-4850-9643,IWKPF4298A,"314, Indiranagar, Sector 22",Indore,"[""ORDER_FULFILLMENT"",""MARKETING_SMS"",""CUSTOMER_ANALYTICS""]",Nikhil!6308BB22,2026-04-10T10:59:26.173Z
usr_a004bc8a8cd0,kavita.rao879@example.in,Kavita Rao,+917354962820,9333-1249-3404,URDPE2649B,"859, M.G. Road, Sector 42",Delhi NCR,"[""ORDER_FULFILLMENT"",""MARKETING_SMS"",""CUSTOMER_ANALYTICS""]",Kavita@23964409,2026-07-31T10:59:26.173Z
usr_c60dfa5f0928,abhishek.chatterjee880@example.in,Abhishek Chatterjee,+919493941303,9342-3463-2420,LQBPK0371S,"347, Anna Salai, Sector 35",Chandigarh,"[""ORDER_FULFILLMENT"",""MARKETING_SMS"",""CUSTOMER_ANALYTICS""]",Abhishek$8049E73B,2026-05-09T10:59:26.173Z
usr_7351da2d5536,rohan.verma881@example.in,Rohan Verma,+917256406609,2803-9126-4275,EHXPO1068U,"972, Connaught Place, Sector 34",Ahmedabad,"[""ORDER_FULFILLMENT"",""MARKETING_SMS"",""CUSTOMER_ANALYTICS""]",Rohan%6087C0EC,2026-05-06T10:59:26.173Z
usr_811017298e27,deepika.sharma882@example.in,Deepika Sharma,+917291020280,5356-6627-2121,DVFPV1060T,"441, Koramangala, Sector 44",Chennai,"[""ORDER_FULFILLMENT"",""MARKETING_SMS"",""CUSTOMER_ANALYTICS""]",Deepika!1227D15E,2026-04-30T10:59:26.173Z
usr_8236460c3a79,ananya.kapoor883@example.in,Ananya Kapoor,+917973109374,5537-1855-3353,IFCPV9645I,"209, Indiranagar, Sector 40",Kolkata,"[""ORDER_FULFILLMENT"",""MARKETING_SMS"",""CUSTOMER_ANALYTICS""]",Ananya@8287F50E,2026-08-31T10:59:26.173Z
usr_4b0ce9f4beb6,isha.kapoor884@example.in,Isha Kapoor,+918419678504,5883-4793-6821,KDTPK6324N,"714, MI Road, Sector 32",Indore,"[""ORDER_FULFILLMENT"",""MARKETING_SMS"",""CUSTOMER_ANALYTICS""]",Isha%695387B3,2026-04-04T10:59:26.173Z
usr_011de4603145,abhishek.malhotra885@example.in,Abhishek Malhotra,+918961367679,9118-6163-7462,ARPPX2040F,"663, Park Street, Sector 7",Hyderabad,"[""ORDER_FULFILLMENT"",""MARKETING_SMS"",""CUSTOMER_ANALYTICS""]",Abhishek&92299496,2026-03-21T10:59:26.173Z
usr_b490570af7a5,rahul.menon886@example.in,Rahul Menon,+917344172409,5684-1979-2263,GWDPE6614V,"169, Koramangala, Sector 32",Pune,"[""ORDER_FULFILLMENT"",""MARKETING_SMS"",""CUSTOMER_ANALYTICS""]",Rahul#21101D09,2026-03-24T10:59:26.173Z
usr_9c5d7b383913,shweta.kapoor887@example.in,Shweta Kapoor,+917832300295,8416-1719-7076,GYXPM9224U,"751, Anna Salai, Sector 18",Lucknow,"[""ORDER_FULFILLMENT"",""MARKETING_SMS"",""CUSTOMER_ANALYTICS""]",Shweta$77897753,2026-03-15T10:59:26.173Z
usr_9c40bd978496,aditya.deshmukh888@example.in,Aditya Deshmukh,+918876689411,5139-7573-9524,QIHPL7317P,"691, Park Street, Sector 8",Kolkata,"[""ORDER_FULFILLMENT"",""MARKETING_SMS"",""CUSTOMER_ANALYTICS""]",Aditya&13329BFB,2026-08-18T10:59:26.173Z
usr_aa9031ec35ab,neha.nair889@example.in,Neha Nair,+918377963475,7963-1299-2017,DRIPN9774I,"595, Park Street, Sector 28",Hyderabad,"[""ORDER_FULFILLMENT"",""MARKETING_SMS"",""CUSTOMER_ANALYTICS""]",Neha@6266A900,2026-08-14T10:59:26.173Z
usr_a7d9eef08a36,aditya.reddy890@example.in,Aditya Reddy,+918545769291,2220-5370-7994,PFIPY0788A,"623, Brigade Road, Sector 38",Hyderabad,"[""ORDER_FULFILLMENT"",""MARKETING_SMS"",""CUSTOMER_ANALYTICS""]",Aditya#87943FAD,2026-06-08T10:59:26.173Z
usr_77ee66717918,aarav.gupta891@example.in,Aarav Gupta,+917846949826,3592-1460-9203,UMPPC1412E,"412, Anna Salai, Sector 8",Chandigarh,"[""ORDER_FULFILLMENT"",""MARKETING_SMS"",""CUSTOMER_ANALYTICS""]",Aarav@7752CA68,2026-05-19T10:59:26.173Z
usr_0ed5c1da06d4,aditya.patel892@example.in,Aditya Patel,+917707580946,2661-4642-1731,PLGPL4906R,"44, Anna Salai, Sector 36",Chennai,"[""ORDER_FULFILLMENT"",""MARKETING_SMS"",""CUSTOMER_ANALYTICS""]",Aditya%51312FA7,2026-08-12T10:59:26.173Z
usr_862e876e4dcc,nikhil.verma893@example.in,Nikhil Verma,+918708181549,3375-7315-6512,ONMPT9713I,"273, Sector 17, Sector 11",Jaipur,"[""ORDER_FULFILLMENT"",""MARKETING_SMS"",""CUSTOMER_ANALYTICS""]",Nikhil&9053EF86,2026-05-06T10:59:26.173Z
usr_ad30c6276faa,gaurav.trivedi894@example.in,Gaurav Trivedi,+917125632438,9472-5152-7941,SCUPU3166L,"213, Brigade Road, Sector 13",Bengaluru,"[""ORDER_FULFILLMENT"",""MARKETING_SMS"",""CUSTOMER_ANALYTICS""]",Gaurav#6571377B,2026-06-07T10:59:26.173Z
usr_1cf5d07fdfc1,rahul.agarwal895@example.in,Rahul Agarwal,+919248709313,7123-6867-7828,JMGPB2202C,"370, Anna Salai, Sector 38",Bengaluru,"[""ORDER_FULFILLMENT"",""MARKETING_SMS"",""CUSTOMER_ANALYTICS""]",Rahul%22928F41,2026-07-29T10:59:26.173Z
usr_b9e5fe8e74a2,shweta.malhotra896@example.in,Shweta Malhotra,+919802575915,2945-8394-5678,DKFPG5723Z,"513, Indiranagar, Sector 18",Delhi NCR,"[""ORDER_FULFILLMENT"",""MARKETING_SMS"",""CUSTOMER_ANALYTICS""]",Shweta&9184810A,2026-05-08T10:59:26.173Z
usr_841a8d7fd8d4,rohan.menon897@example.in,Rohan Menon,+919574741762,3433-3037-3105,PUSPB7425Q,"241, SG Highway, Sector 9",Chandigarh,"[""ORDER_FULFILLMENT"",""MARKETING_SMS"",""CUSTOMER_ANALYTICS""]",Rohan$89013CF9,2026-08-17T10:59:26.173Z
usr_df71c8e37b99,bhavna.chatterjee898@example.in,Bhavna Chatterjee,+919946936982,4781-7279-5405,NFGPP9339X,"40, Koramangala, Sector 11",Ahmedabad,"[""ORDER_FULFILLMENT"",""MARKETING_SMS"",""CUSTOMER_ANALYTICS""]",Bhavna%53572CC4,2026-07-30T10:59:26.173Z
usr_695c67a0916e,gaurav.agarwal899@example.in,Gaurav Agarwal,+919437577471,2013-2252-3445,ZJJPU6762Q,"563, FC Road, Sector 33",Hyderabad,"[""ORDER_FULFILLMENT"",""MARKETING_SMS"",""CUSTOMER_ANALYTICS""]",Gaurav!5151B779,2026-09-07T10:59:26.173Z
usr_bb49c0a308b3,nikhil.agarwal900@example.in,Nikhil Agarwal,+918880626997,7660-5244-1470,RWNPA7474A,"825, MI Road, Sector 13",Kolkata,"[""ORDER_FULFILLMENT"",""MARKETING_SMS"",""CUSTOMER_ANALYTICS""]",Nikhil%9007D672,2026-04-22T10:59:26.173Z
usr_fac302cb9b30,gaurav.menon901@example.in,Gaurav Menon,+917877490656,9292-6326-7756,RYHPN2848N,"572, Banjara Hills, Sector 11",Chennai,"[""ORDER_FULFILLMENT"",""MARKETING_SMS"",""CUSTOMER_ANALYTICS""]",Gaurav$25536319,2026-09-02T10:59:26.173Z
usr_b7229f609622,sanjay.deshmukh902@example.in,Sanjay Deshmukh,+917233062060,7255-9749-4311,YTIPT6710Z,"374, Koramangala, Sector 11",Delhi NCR,"[""ORDER_FULFILLMENT"",""MARKETING_SMS"",""CUSTOMER_ANALYTICS""]",Sanjay&112623F8,2026-07-19T10:59:26.173Z
usr_440af50b4e1c,arjun.saxena903@example.in,Arjun Saxena,+919953725126,8825-4925-3781,BWQPL6216Y,"130, Sector 17, Sector 2",Mumbai,"[""ORDER_FULFILLMENT"",""MARKETING_SMS"",""CUSTOMER_ANALYTICS""]",Arjun@429698FF,2026-06-18T10:59:26.173Z
usr_88526cc8fcba,swati.agarwal904@example.in,Swati Agarwal,+918591928218,5531-4884-6266,GIVPS8601J,"935, SG Highway, Sector 4",Bengaluru,"[""ORDER_FULFILLMENT"",""MARKETING_SMS"",""CUSTOMER_ANALYTICS""]",Swati#4089BF2E,2026-05-16T10:59:26.173Z
usr_028ccdea271c,ritika.mukherjee905@example.in,Ritika Mukherjee,+919112691628,7241-6778-7061,BZQPV4538H,"347, Banjara Hills, Sector 14",Ahmedabad,"[""ORDER_FULFILLMENT"",""MARKETING_SMS"",""CUSTOMER_ANALYTICS""]",Ritika&95217C05,2026-04-25T10:59:26.173Z
usr_9933e45c7a05,varun.gupta906@example.in,Varun Gupta,+918208091026,5058-3777-3245,BZZPU0358L,"258, SG Highway, Sector 21",Mumbai,"[""ORDER_FULFILLMENT"",""MARKETING_SMS"",""CUSTOMER_ANALYTICS""]",Varun$5077B756,2026-04-24T10:59:26.173Z
usr_1700ef66e315,varun.pillai907@example.in,Varun Pillai,+918597325065,6178-4050-7279,CJDPE8684H,"320, FC Road, Sector 40",Lucknow,"[""ORDER_FULFILLMENT"",""MARKETING_SMS"",""CUSTOMER_ANALYTICS""]",Varun$12842BBB,2026-03-29T10:59:26.173Z
usr_cde4696235e6,sneha.malhotra908@example.in,Sneha Malhotra,+919752694772,2375-9347-9802,CPJPD4522Z,"678, MI Road, Sector 6",Kolkata,"[""ORDER_FULFILLMENT"",""MARKETING_SMS"",""CUSTOMER_ANALYTICS""]",Sneha@4619F6FE,2026-06-06T10:59:26.173Z
usr_7b3325453e81,shweta.mehta909@example.in,Shweta Mehta,+919965365758,7193-5770-7900,TXUPN3456E,"178, Park Street, Sector 37",Lucknow,"[""ORDER_FULFILLMENT"",""MARKETING_SMS"",""CUSTOMER_ANALYTICS""]",Shweta$131796E3,2026-03-27T10:59:26.173Z
usr_5cf1ea45a5e4,simran.kulkarni910@example.in,Simran Kulkarni,+918379975450,6258-5272-4458,PMDPX0770E,"354, FC Road, Sector 28",Pune,"[""ORDER_FULFILLMENT"",""MARKETING_SMS"",""CUSTOMER_ANALYTICS""]",Simran@315090EC,2026-03-22T10:59:26.173Z
usr_ecbb4e4e7bab,aditya.malhotra911@example.in,Aditya Malhotra,+917736979635,4677-8832-3986,HTDPB8330P,"102, FC Road, Sector 16",Hyderabad,"[""ORDER_FULFILLMENT"",""MARKETING_SMS"",""CUSTOMER_ANALYTICS""]",Aditya@78580F84,2026-06-24T10:59:26.173Z
usr_a65d359b49f7,aditya.kapoor912@example.in,Aditya Kapoor,+919190234172,4077-9865-5358,EGLPR1528G,"240, Banjara Hills, Sector 19",Chandigarh,"[""ORDER_FULFILLMENT"",""MARKETING_SMS"",""CUSTOMER_ANALYTICS""]",Aditya@2715A108,2026-05-20T10:59:26.173Z
usr_56b539f6b23b,priya.chauhan913@example.in,Priya Chauhan,+918348848782,6293-4164-4480,ZEAPO0233X,"539, SG Highway, Sector 28",Chandigarh,"[""ORDER_FULFILLMENT"",""MARKETING_SMS"",""CUSTOMER_ANALYTICS""]",Priya&56005F74,2026-04-27T10:59:26.173Z
usr_19a78422aa9f,sneha.kulkarni914@example.in,Sneha Kulkarni,+917652784102,8668-8146-7026,ZEFPG8459A,"78, Connaught Place, Sector 37",Mumbai,"[""ORDER_FULFILLMENT"",""MARKETING_SMS"",""CUSTOMER_ANALYTICS""]",Sneha%3239030C,2026-07-27T10:59:26.173Z
usr_b4743197e655,dev.pandey915@example.in,Dev Pandey,+919670067326,2839-8866-1371,ZXTPR5075H,"797, Banjara Hills, Sector 37",Bengaluru,"[""ORDER_FULFILLMENT"",""MARKETING_SMS"",""CUSTOMER_ANALYTICS""]",Dev!94503063,2026-05-21T10:59:26.173Z
usr_3ecb00d68805,deepika.patel916@example.in,Deepika Patel,+917925611378,3605-6808-1179,WUKPZ4025R,"817, M.G. Road, Sector 45",Kolkata,"[""ORDER_FULFILLMENT"",""MARKETING_SMS"",""CUSTOMER_ANALYTICS""]",Deepika!97386C26,2026-07-29T10:59:26.173Z
usr_43ab81863ca1,kavita.rao917@example.in,Kavita Rao,+918546828866,7993-6731-6682,XDIPL1400C,"478, MI Road, Sector 45",Hyderabad,"[""ORDER_FULFILLMENT"",""MARKETING_SMS"",""CUSTOMER_ANALYTICS""]",Kavita!84857D9F,2026-08-08T10:59:26.173Z
usr_50c85c9b3f44,nikhil.kumar918@example.in,Nikhil Kumar,+919776185981,4126-7434-3743,DKAPG3627Y,"533, Indiranagar, Sector 31",Kochi,"[""ORDER_FULFILLMENT"",""MARKETING_SMS"",""CUSTOMER_ANALYTICS""]",Nikhil#94257210,2026-04-11T10:59:26.173Z
usr_bdf082a0cdb9,ritika.saxena919@example.in,Ritika Saxena,+918831355240,8988-2707-2568,SGLPH5155U,"69, Koramangala, Sector 1",Delhi NCR,"[""ORDER_FULFILLMENT"",""MARKETING_SMS"",""CUSTOMER_ANALYTICS""]",Ritika&6452E763,2026-06-11T10:59:26.173Z
usr_da0d03868f2d,aarav.deshmukh920@example.in,Aarav Deshmukh,+917870919935,9563-5788-9273,ZHFPT1027S,"295, Anna Salai, Sector 13",Lucknow,"[""ORDER_FULFILLMENT"",""MARKETING_SMS"",""CUSTOMER_ANALYTICS""]",Aarav#56235420,2026-04-02T10:59:26.173Z
usr_f4982165dc1d,vikram.kumar921@example.in,Vikram Kumar,+918258518603,4956-5715-9126,ZVXPW7339M,"761, Brigade Road, Sector 40",Pune,"[""ORDER_FULFILLMENT"",""MARKETING_SMS"",""CUSTOMER_ANALYTICS""]",Vikram!294339FA,2026-08-07T10:59:26.173Z
usr_c0e1b95e593d,arjun.dubey922@example.in,Arjun Dubey,+917680280506,4823-2078-8533,NSTPS0586T,"183, Connaught Place, Sector 10",Chennai,"[""ORDER_FULFILLMENT"",""MARKETING_SMS"",""CUSTOMER_ANALYTICS""]",Arjun!47605424,2026-03-26T10:59:26.173Z
usr_9f1573efbf06,abhishek.menon923@example.in,Abhishek Menon,+918781295350,5167-9895-5548,SXWPR1099T,"666, SG Highway, Sector 3",Kochi,"[""ORDER_FULFILLMENT"",""MARKETING_SMS"",""CUSTOMER_ANALYTICS""]",Abhishek!1821EEF2,2026-07-19T10:59:26.173Z
usr_d5dd3dad746d,vikram.joshi924@example.in,Vikram Joshi,+919154856070,7403-7887-3716,TKMPB8381Z,"801, Banjara Hills, Sector 39",Kolkata,"[""ORDER_FULFILLMENT"",""MARKETING_SMS"",""CUSTOMER_ANALYTICS""]",Vikram$13521CD9,2026-08-17T10:59:26.173Z
usr_b2dfa042c453,aditya.mukherjee925@example.in,Aditya Mukherjee,+917398134291,7568-6267-8124,LLNPW3273J,"860, Anna Salai, Sector 1",Ahmedabad,"[""ORDER_FULFILLMENT"",""MARKETING_SMS"",""CUSTOMER_ANALYTICS""]",Aditya&99296189,2026-06-21T10:59:26.173Z
usr_e6edd41023bd,manish.chatterjee926@example.in,Manish Chatterjee,+917200034440,2998-6575-5493,WCFPL6043S,"284, Banjara Hills, Sector 26",Mumbai,"[""ORDER_FULFILLMENT"",""MARKETING_SMS"",""CUSTOMER_ANALYTICS""]",Manish&516205D0,2026-05-15T10:59:26.173Z
usr_3837a9cd2b0a,sunita.menon927@example.in,Sunita Menon,+919395274106,3443-4693-2891,RADPB5688D,"506, SG Highway, Sector 17",Kochi,"[""ORDER_FULFILLMENT"",""MARKETING_SMS"",""CUSTOMER_ANALYTICS""]",Sunita$9027B0D1,2026-06-24T10:59:26.173Z
usr_3f3f8c19cfa9,abhishek.malhotra928@example.in,Abhishek Malhotra,+917178687020,2099-8600-2277,ZIBPJ9765P,"454, SG Highway, Sector 9",Chandigarh,"[""ORDER_FULFILLMENT"",""MARKETING_SMS"",""CUSTOMER_ANALYTICS""]",Abhishek@17583680,2026-07-16T10:59:26.173Z
usr_2d9fbfd81f3b,gaurav.menon929@example.in,Gaurav Menon,+919409172017,8401-1943-8252,THCPE3272G,"66, MI Road, Sector 33",Jaipur,"[""ORDER_FULFILLMENT"",""MARKETING_SMS"",""CUSTOMER_ANALYTICS""]",Gaurav#71607383,2026-08-26T10:59:26.173Z
usr_062d404969c7,pallavi.chopra930@example.in,Pallavi Chopra,+918392356675,9833-4807-5161,VCSPT4758M,"280, Connaught Place, Sector 8",Kochi,"[""ORDER_FULFILLMENT"",""MARKETING_SMS"",""CUSTOMER_ANALYTICS""]",Pallavi&647530AD,2026-05-30T10:59:26.173Z
usr_ac79e79485e2,meera.saxena931@example.in,Meera Saxena,+917418525820,3429-9932-8221,AUJPJ4564B,"702, FC Road, Sector 17",Indore,"[""ORDER_FULFILLMENT"",""MARKETING_SMS"",""CUSTOMER_ANALYTICS""]",Meera@97937554,2026-08-25T10:59:26.173Z
usr_19e5a927095b,sneha.kulkarni932@example.in,Sneha Kulkarni,+917965282707,8535-7044-5592,WLAPP2729E,"155, Sector 17, Sector 23",Lucknow,"[""ORDER_FULFILLMENT"",""MARKETING_SMS"",""CUSTOMER_ANALYTICS""]",Sneha!36218A56,2026-08-11T10:59:26.173Z
usr_b64b15908ced,rahul.bhatia933@example.in,Rahul Bhatia,+917843449728,6169-6777-6697,WFZPU1391A,"648, FC Road, Sector 5",Jaipur,"[""ORDER_FULFILLMENT"",""MARKETING_SMS"",""CUSTOMER_ANALYTICS""]",Rahul!20662977,2026-08-04T10:59:26.173Z
usr_f4e2571a30f0,dev.chatterjee934@example.in,Dev Chatterjee,+917548800804,7357-2644-8968,HTUPB0151J,"102, MI Road, Sector 33",Hyderabad,"[""ORDER_FULFILLMENT"",""MARKETING_SMS"",""CUSTOMER_ANALYTICS""]",Dev@7183ED80,2026-08-19T10:59:26.173Z
usr_f548eaaa7334,ritu.mishra935@example.in,Ritu Mishra,+917414529831,2208-9180-6635,VFAPX5362X,"986, SG Highway, Sector 45",Ahmedabad,"[""ORDER_FULFILLMENT"",""MARKETING_SMS"",""CUSTOMER_ANALYTICS""]",Ritu&3094502F,2026-04-15T10:59:26.173Z
usr_2fe12cdcd55b,aarav.nair936@example.in,Aarav Nair,+918945196146,2171-2595-4129,MTVPG6705U,"351, MI Road, Sector 20",Mumbai,"[""ORDER_FULFILLMENT"",""MARKETING_SMS"",""CUSTOMER_ANALYTICS""]",Aarav$7657579A,2026-07-19T10:59:26.173Z
usr_6735570fea57,rohan.bhatia937@example.in,Rohan Bhatia,+918578873150,8295-3993-5918,VOIPX6892K,"802, Banjara Hills, Sector 37",Mumbai,"[""ORDER_FULFILLMENT"",""MARKETING_SMS"",""CUSTOMER_ANALYTICS""]",Rohan&10430DB5,2026-07-24T10:59:26.173Z
usr_e35efacf9aed,pallavi.chopra938@example.in,Pallavi Chopra,+917772620342,8626-7494-3364,KRJPX8451N,"406, M.G. Road, Sector 12",Chandigarh,"[""ORDER_FULFILLMENT"",""MARKETING_SMS"",""CUSTOMER_ANALYTICS""]",Pallavi%6030C5D7,2026-07-07T10:59:26.174Z
usr_e54b88efbc2f,meera.gupta939@example.in,Meera Gupta,+919220829413,6709-7634-7990,TTNPM8052M,"659, M.G. Road, Sector 36",Kolkata,"[""ORDER_FULFILLMENT"",""MARKETING_SMS"",""CUSTOMER_ANALYTICS""]",Meera&6802B11B,2026-04-06T10:59:26.174Z
usr_6e4e8f43b132,isha.trivedi940@example.in,Isha Trivedi,+919300964958,2472-5370-3073,FCSPT6036L,"729, Anna Salai, Sector 42",Ahmedabad,"[""ORDER_FULFILLMENT"",""MARKETING_SMS"",""CUSTOMER_ANALYTICS""]",Isha&2005BA2D,2026-04-26T10:59:26.174Z
usr_bfcfd5cf811b,ananya.trivedi941@example.in,Ananya Trivedi,+917180297271,5566-9906-1189,DIXPE2435J,"268, Park Street, Sector 43",Bengaluru,"[""ORDER_FULFILLMENT"",""MARKETING_SMS"",""CUSTOMER_ANALYTICS""]",Ananya@933583B5,2026-08-09T10:59:26.174Z
usr_73d1a7cb74be,nikhil.joshi942@example.in,Nikhil Joshi,+918553072476,2014-1719-4741,YYTPT6436M,"166, M.G. Road, Sector 7",Delhi NCR,"[""ORDER_FULFILLMENT"",""MARKETING_SMS"",""CUSTOMER_ANALYTICS""]",Nikhil#3909155F,2026-04-22T10:59:26.174Z
usr_1a40194be9ac,kunal.kumar943@example.in,Kunal Kumar,+918647995600,5425-8018-8351,KBQPA6653D,"170, Sector 17, Sector 32",Ahmedabad,"[""ORDER_FULFILLMENT"",""MARKETING_SMS"",""CUSTOMER_ANALYTICS""]",Kunal%610056EB,2026-05-19T10:59:26.174Z
usr_ffc8e7031d7b,meera.iyer944@example.in,Meera Iyer,+919812538947,5595-2828-7416,TBFPX3603U,"743, Anna Salai, Sector 15",Chandigarh,"[""ORDER_FULFILLMENT"",""MARKETING_SMS"",""CUSTOMER_ANALYTICS""]",Meera!68178835,2026-06-30T10:59:26.174Z
usr_520e01d9f907,rajesh.malhotra945@example.in,Rajesh Malhotra,+919250841615,9393-4860-3141,YIIPK1640Q,"330, M.G. Road, Sector 38",Kochi,"[""ORDER_FULFILLMENT"",""MARKETING_SMS"",""CUSTOMER_ANALYTICS""]",Rajesh@40642BED,2026-08-09T10:59:26.174Z
usr_d74c5f6cbe22,tanvi.sharma946@example.in,Tanvi Sharma,+917897775957,2348-3505-4388,UHKPY6408A,"789, Anna Salai, Sector 38",Chandigarh,"[""ORDER_FULFILLMENT"",""MARKETING_SMS"",""CUSTOMER_ANALYTICS""]",Tanvi%39331509,2026-04-22T10:59:26.174Z
usr_42b63133580f,rajesh.gupta947@example.in,Rajesh Gupta,+918468377371,2618-9328-8612,YDTPI5054G,"570, SG Highway, Sector 30",Bengaluru,"[""ORDER_FULFILLMENT"",""MARKETING_SMS"",""CUSTOMER_ANALYTICS""]",Rajesh@1943E745,2026-08-01T10:59:26.174Z
usr_43c30ff8277e,ritika.patel948@example.in,Ritika Patel,+917691396681,6982-2421-6606,JSFPY8073G,"98, Koramangala, Sector 34",Kochi,"[""ORDER_FULFILLMENT"",""MARKETING_SMS"",""CUSTOMER_ANALYTICS""]",Ritika@620018DA,2026-05-12T10:59:26.174Z
usr_3939ea2ff9e6,ritika.bhattacharya949@example.in,Ritika Bhattacharya,+918573047265,3835-4218-5199,VTIPE2373V,"264, Sector 17, Sector 36",Pune,"[""ORDER_FULFILLMENT"",""MARKETING_SMS"",""CUSTOMER_ANALYTICS""]",Ritika#32498861,2026-05-03T10:59:26.174Z
usr_81bc68d38703,neha.chopra950@example.in,Neha Chopra,+919399099764,4339-7483-6732,YNMPO4782F,"976, MI Road, Sector 31",Indore,"[""ORDER_FULFILLMENT"",""MARKETING_SMS"",""CUSTOMER_ANALYTICS""]",Neha!2037E430,2026-05-14T10:59:26.174Z
usr_6ac4c3b15f23,alok.mishra951@example.in,Alok Mishra,+918685548550,9063-9442-4803,XAYPH8237F,"772, Anna Salai, Sector 34",Chandigarh,"[""ORDER_FULFILLMENT"",""MARKETING_SMS"",""CUSTOMER_ANALYTICS""]",Alok!99329D6E,2026-06-20T10:59:26.174Z
usr_5e8f24431455,abhishek.pandey952@example.in,Abhishek Pandey,+917831133516,9784-8252-9811,PXCPW6577Y,"60, Anna Salai, Sector 2",Jaipur,"[""ORDER_FULFILLMENT"",""MARKETING_SMS"",""CUSTOMER_ANALYTICS""]",Abhishek%277862E1,2026-09-07T10:59:26.174Z
usr_e028bd081b65,amit.pillai953@example.in,Amit Pillai,+919575198271,5997-2107-8208,OVKPR5246G,"987, Indiranagar, Sector 44",Pune,"[""ORDER_FULFILLMENT"",""MARKETING_SMS"",""CUSTOMER_ANALYTICS""]",Amit$9473C8A3,2026-03-23T10:59:26.174Z
usr_1c9522f9fa1b,amit.rao954@example.in,Amit Rao,+919354016474,2327-3264-9324,LLKPJ4412R,"879, MI Road, Sector 12",Ahmedabad,"[""ORDER_FULFILLMENT"",""MARKETING_SMS"",""CUSTOMER_ANALYTICS""]",Amit!272350CB,2026-08-07T10:59:26.174Z
usr_2f4a48a73629,bhavna.agarwal955@example.in,Bhavna Agarwal,+917139506544,9882-6101-4158,XWRPE4620T,"937, SG Highway, Sector 6",Kochi,"[""ORDER_FULFILLMENT"",""MARKETING_SMS"",""CUSTOMER_ANALYTICS""]",Bhavna@6246B394,2026-05-25T10:59:26.174Z
usr_6bef7a5c926e,gaurav.verma956@example.in,Gaurav Verma,+918581173079,6719-8114-1066,BCVPH1456J,"173, Koramangala, Sector 40",Bengaluru,"[""ORDER_FULFILLMENT"",""MARKETING_SMS"",""CUSTOMER_ANALYTICS""]",Gaurav&1161F775,2026-04-08T10:59:26.174Z
usr_1d336ebd91c4,karan.kumar957@example.in,Karan Kumar,+917245169323,2181-5145-9668,CUQPL9700C,"953, Brigade Road, Sector 29",Chandigarh,"[""ORDER_FULFILLMENT"",""MARKETING_SMS"",""CUSTOMER_ANALYTICS""]",Karan!4201E5C0,2026-07-08T10:59:26.174Z
usr_a8e7c1bbd31a,ritika.joshi958@example.in,Ritika Joshi,+919110128113,5923-9394-7571,QEIPS6499X,"927, M.G. Road, Sector 27",Bengaluru,"[""ORDER_FULFILLMENT"",""MARKETING_SMS"",""CUSTOMER_ANALYTICS""]",Ritika&4889E9BE,2026-07-29T10:59:26.174Z
usr_1257f341191a,kavita.mehta959@example.in,Kavita Mehta,+918651364804,5038-3511-8991,NGSPE2560P,"593, Anna Salai, Sector 5",Kochi,"[""ORDER_FULFILLMENT"",""MARKETING_SMS"",""CUSTOMER_ANALYTICS""]",Kavita!42408543,2026-08-10T10:59:26.174Z
usr_8b9d6531d343,sunita.nair960@example.in,Sunita Nair,+917645316908,6551-1731-8942,JNTPT0298U,"456, Banjara Hills, Sector 21",Indore,"[""ORDER_FULFILLMENT"",""MARKETING_SMS"",""CUSTOMER_ANALYTICS""]",Sunita$4885E70E,2026-03-31T10:59:26.174Z
usr_527185b20fac,bhavna.joshi961@example.in,Bhavna Joshi,+918784808397,3518-5803-7192,WUGPE5670W,"909, M.G. Road, Sector 17",Hyderabad,"[""ORDER_FULFILLMENT"",""MARKETING_SMS"",""CUSTOMER_ANALYTICS""]",Bhavna!51600B80,2026-05-14T10:59:26.174Z
usr_6c0ace2a4b8f,rohan.gupta962@example.in,Rohan Gupta,+918359954869,9615-5715-2119,GQZPR5538F,"504, FC Road, Sector 37",Indore,"[""ORDER_FULFILLMENT"",""MARKETING_SMS"",""CUSTOMER_ANALYTICS""]",Rohan@54656992,2026-04-20T10:59:26.174Z
usr_48e772b3be63,rajesh.kumar963@example.in,Rajesh Kumar,+918566265351,5367-6708-8658,JSTPM5911K,"541, Sector 17, Sector 28",Chennai,"[""ORDER_FULFILLMENT"",""MARKETING_SMS"",""CUSTOMER_ANALYTICS""]",Rajesh%5389ABAD,2026-07-02T10:59:26.174Z
usr_f5b1889bfddf,vikram.bhattacharya964@example.in,Vikram Bhattacharya,+918335272015,9593-5717-1376,YJWPI7991B,"297, Indiranagar, Sector 15",Bengaluru,"[""ORDER_FULFILLMENT"",""MARKETING_SMS"",""CUSTOMER_ANALYTICS""]",Vikram#66047FD9,2026-04-14T10:59:26.174Z
usr_8349d6567ee5,sneha.deshmukh965@example.in,Sneha Deshmukh,+917743443056,2134-6738-8880,WUPPT8753O,"559, Banjara Hills, Sector 23",Jaipur,"[""ORDER_FULFILLMENT"",""MARKETING_SMS"",""CUSTOMER_ANALYTICS""]",Sneha@8502AFFE,2026-08-12T10:59:26.174Z
usr_10c273ebd272,arjun.chatterjee966@example.in,Arjun Chatterjee,+919470700421,9986-5691-8658,WZBPO0911J,"808, M.G. Road, Sector 42",Ahmedabad,"[""ORDER_FULFILLMENT"",""MARKETING_SMS"",""CUSTOMER_ANALYTICS""]",Arjun&3207BEE2,2026-05-08T10:59:26.174Z
usr_89384f682acf,ananya.mehta967@example.in,Ananya Mehta,+919539296584,9501-8689-1666,BQQPE6405Z,"441, Connaught Place, Sector 4",Delhi NCR,"[""ORDER_FULFILLMENT"",""MARKETING_SMS"",""CUSTOMER_ANALYTICS""]",Ananya!550997E1,2026-03-19T10:59:26.174Z
usr_18bc3f730d36,rohan.kulkarni968@example.in,Rohan Kulkarni,+919316546477,9261-8252-7897,GKEPN7933Y,"202, MI Road, Sector 10",Mumbai,"[""ORDER_FULFILLMENT"",""MARKETING_SMS"",""CUSTOMER_ANALYTICS""]",Rohan!3524B888,2026-05-09T10:59:26.174Z
usr_e7c70a79b43d,aditya.kulkarni969@example.in,Aditya Kulkarni,+917328005871,3257-2739-6393,WPEPU2891A,"367, Sector 17, Sector 17",Lucknow,"[""ORDER_FULFILLMENT"",""MARKETING_SMS"",""CUSTOMER_ANALYTICS""]",Aditya%32462907,2026-04-08T10:59:26.174Z
usr_1ee2c19935f7,ritu.mukherjee970@example.in,Ritu Mukherjee,+918499514442,7709-4021-6936,VXFPG7350A,"316, Indiranagar, Sector 34",Kochi,"[""ORDER_FULFILLMENT"",""MARKETING_SMS"",""CUSTOMER_ANALYTICS""]",Ritu$7280F894,2026-06-08T10:59:26.174Z
usr_45bc07c2ef93,rahul.pillai971@example.in,Rahul Pillai,+917794314300,7828-3403-3050,EGYPG6613A,"62, Connaught Place, Sector 16",Ahmedabad,"[""ORDER_FULFILLMENT"",""MARKETING_SMS"",""CUSTOMER_ANALYTICS""]",Rahul&7055E06B,2026-05-03T10:59:26.174Z
usr_5df827b619b6,sunita.nair972@example.in,Sunita Nair,+919802232698,7947-7991-1357,WHVPF1486M,"167, Koramangala, Sector 26",Ahmedabad,"[""ORDER_FULFILLMENT"",""MARKETING_SMS"",""CUSTOMER_ANALYTICS""]",Sunita&75987BBD,2026-05-21T10:59:26.174Z
usr_7b4b97400ddc,pallavi.kulkarni973@example.in,Pallavi Kulkarni,+918120757302,7016-4938-2799,BGNPF7952K,"679, Banjara Hills, Sector 19",Delhi NCR,"[""ORDER_FULFILLMENT"",""MARKETING_SMS"",""CUSTOMER_ANALYTICS""]",Pallavi!8668758F,2026-04-12T10:59:26.174Z
usr_11ec90a67f07,karan.verma974@example.in,Karan Verma,+919298581078,3898-2875-7973,UEZPT8382W,"96, Park Street, Sector 43",Delhi NCR,"[""ORDER_FULFILLMENT"",""MARKETING_SMS"",""CUSTOMER_ANALYTICS""]",Karan@9561EBC8,2026-03-29T10:59:26.174Z
usr_a819518bba21,simran.saxena975@example.in,Simran Saxena,+917402182593,6608-9288-2754,BPXPU8857Y,"460, M.G. Road, Sector 18",Lucknow,"[""ORDER_FULFILLMENT"",""MARKETING_SMS"",""CUSTOMER_ANALYTICS""]",Simran$4444EAC9,2026-04-29T10:59:26.174Z
usr_d5b7e3e41537,sneha.deshmukh976@example.in,Sneha Deshmukh,+918308528245,2602-6346-2186,CTJPE0374U,"827, SG Highway, Sector 15",Hyderabad,"[""ORDER_FULFILLMENT"",""MARKETING_SMS"",""CUSTOMER_ANALYTICS""]",Sneha$65790817,2026-06-19T10:59:26.174Z
usr_50f3335ce4f2,alok.pandey977@example.in,Alok Pandey,+917319121752,2982-3807-4415,RRJPG6038F,"81, Anna Salai, Sector 19",Lucknow,"[""ORDER_FULFILLMENT"",""MARKETING_SMS"",""CUSTOMER_ANALYTICS""]",Alok&506029A8,2026-08-28T10:59:26.174Z
usr_e50afc14b5ac,kavita.pillai978@example.in,Kavita Pillai,+919375528334,4165-9901-5718,ZHHPA2061G,"561, Connaught Place, Sector 19",Lucknow,"[""ORDER_FULFILLMENT"",""MARKETING_SMS"",""CUSTOMER_ANALYTICS""]",Kavita@577453E8,2026-06-12T10:59:26.174Z
usr_f58965f1305d,ritu.pandey979@example.in,Ritu Pandey,+919834032290,6372-5750-9842,FAIPA6941K,"482, Brigade Road, Sector 26",Chandigarh,"[""ORDER_FULFILLMENT"",""MARKETING_SMS"",""CUSTOMER_ANALYTICS""]",Ritu%358105A1,2026-08-13T10:59:26.174Z
usr_280814069a90,divya.agarwal980@example.in,Divya Agarwal,+919206887031,9790-6008-7547,PBEPU2317J,"793, Park Street, Sector 9",Lucknow,"[""ORDER_FULFILLMENT"",""MARKETING_SMS"",""CUSTOMER_ANALYTICS""]",Divya@81455D9F,2026-08-10T10:59:26.174Z
usr_53b2b0234a1e,amit.dubey981@example.in,Amit Dubey,+919473645161,3118-7049-6951,TVEPO1222Q,"228, Koramangala, Sector 4",Lucknow,"[""ORDER_FULFILLMENT"",""MARKETING_SMS"",""CUSTOMER_ANALYTICS""]",Amit@40640548,2026-07-25T10:59:26.174Z
usr_0bd7e1ef9050,gaurav.chopra982@example.in,Gaurav Chopra,+919226994301,5647-5398-3630,OTFPR4812K,"362, SG Highway, Sector 11",Mumbai,"[""ORDER_FULFILLMENT"",""MARKETING_SMS"",""CUSTOMER_ANALYTICS""]",Gaurav!2494B4F9,2026-04-21T10:59:26.174Z
usr_a3123298a8f0,abhishek.pillai983@example.in,Abhishek Pillai,+917792042051,4388-1077-3585,BUXPZ9422X,"141, SG Highway, Sector 5",Delhi NCR,"[""ORDER_FULFILLMENT"",""MARKETING_SMS"",""CUSTOMER_ANALYTICS""]",Abhishek#53546B84,2026-03-24T10:59:26.174Z
usr_5dd056a596fd,arjun.agarwal984@example.in,Arjun Agarwal,+917785715215,9129-4251-4701,OICPH8395Z,"130, Indiranagar, Sector 10",Kolkata,"[""ORDER_FULFILLMENT"",""MARKETING_SMS"",""CUSTOMER_ANALYTICS""]",Arjun%98438DD0,2026-06-22T10:59:26.174Z
usr_648440c23500,alok.bhatia985@example.in,Alok Bhatia,+919574582468,6397-4382-6693,GKTPV4435J,"421, Koramangala, Sector 19",Jaipur,"[""ORDER_FULFILLMENT"",""MARKETING_SMS"",""CUSTOMER_ANALYTICS""]",Alok%8795492E,2026-04-14T10:59:26.174Z
usr_4058dbb0d066,nikhil.trivedi986@example.in,Nikhil Trivedi,+919827252103,2417-4589-6492,NAUPD7186V,"410, Brigade Road, Sector 27",Bengaluru,"[""ORDER_FULFILLMENT"",""MARKETING_SMS"",""CUSTOMER_ANALYTICS""]",Nikhil%1102ED1A,2026-04-03T10:59:26.174Z
usr_1ead53bd2912,shweta.bose987@example.in,Shweta Bose,+917478054237,5042-7838-4257,FQCPG0977P,"825, Indiranagar, Sector 1",Bengaluru,"[""ORDER_FULFILLMENT"",""MARKETING_SMS"",""CUSTOMER_ANALYTICS""]",Shweta$8811B896,2026-06-01T10:59:26.174Z
usr_290dcd2346da,arjun.kapoor988@example.in,Arjun Kapoor,+919136235923,3900-2578-9362,KLKPJ3090I,"862, Banjara Hills, Sector 15",Jaipur,"[""ORDER_FULFILLMENT"",""MARKETING_SMS"",""CUSTOMER_ANALYTICS""]",Arjun$88035F69,2026-06-03T10:59:26.174Z
usr_9860db108818,ananya.sharma989@example.in,Ananya Sharma,+919652358172,8884-5048-5297,GTPPA9308G,"591, Park Street, Sector 6",Hyderabad,"[""ORDER_FULFILLMENT"",""MARKETING_SMS"",""CUSTOMER_ANALYTICS""]",Ananya#282327E9,2026-07-05T10:59:26.174Z
usr_3d602262f5db,ritika.agarwal990@example.in,Ritika Agarwal,+918347603869,6217-9707-1052,SONPL4891Y,"993, SG Highway, Sector 3",Mumbai,"[""ORDER_FULFILLMENT"",""MARKETING_SMS"",""CUSTOMER_ANALYTICS""]",Ritika$9713F6FA,2026-07-28T10:59:26.174Z
usr_78f31319ed83,simran.singh991@example.in,Simran Singh,+917832096494,6456-7354-3705,SSQPP3534K,"834, Koramangala, Sector 8",Lucknow,"[""ORDER_FULFILLMENT"",""MARKETING_SMS"",""CUSTOMER_ANALYTICS""]",Simran&2699C2AB,2026-07-15T10:59:26.174Z
usr_f2342b9d96b5,arjun.rao992@example.in,Arjun Rao,+918828989103,7581-1033-5106,QQDPT3608F,"382, Brigade Road, Sector 41",Hyderabad,"[""ORDER_FULFILLMENT"",""MARKETING_SMS"",""CUSTOMER_ANALYTICS""]",Arjun@5051BD38,2026-09-06T10:59:26.174Z
usr_0f0509b982bd,alok.deshmukh993@example.in,Alok Deshmukh,+919840775080,4700-9212-8305,RNPPD4533W,"520, Brigade Road, Sector 6",Kolkata,"[""ORDER_FULFILLMENT"",""MARKETING_SMS"",""CUSTOMER_ANALYTICS""]",Alok&2445DA51,2026-07-20T10:59:26.174Z
usr_9e733361ff31,rahul.pillai994@example.in,Rahul Pillai,+917987328316,7393-6922-7671,XEYPI0992F,"608, Park Street, Sector 31",Chandigarh,"[""ORDER_FULFILLMENT"",""MARKETING_SMS"",""CUSTOMER_ANALYTICS""]",Rahul!5226BF3C,2026-05-15T10:59:26.174Z
usr_37f9059154d2,sneha.chatterjee995@example.in,Sneha Chatterjee,+918689334394,4173-2014-6899,RYTPQ3059O,"309, Brigade Road, Sector 41",Kochi,"[""ORDER_FULFILLMENT"",""MARKETING_SMS"",""CUSTOMER_ANALYTICS""]",Sneha&2729D692,2026-06-16T10:59:26.174Z
usr_456c8cb29491,arjun.nair996@example.in,Arjun Nair,+919142839454,2760-1319-6013,LNMPV7346M,"982, Banjara Hills, Sector 16",Mumbai,"[""ORDER_FULFILLMENT"",""MARKETING_SMS"",""CUSTOMER_ANALYTICS""]",Arjun!94857FFF,2026-08-30T10:59:26.174Z
usr_a01c1193bce3,divya.kapoor997@example.in,Divya Kapoor,+918252412991,2653-9992-3672,KMZPT7594A,"133, Connaught Place, Sector 13",Kochi,"[""ORDER_FULFILLMENT"",""MARKETING_SMS"",""CUSTOMER_ANALYTICS""]",Divya&7251D873,2026-07-24T10:59:26.174Z
usr_2cca156be97e,dev.deshmukh998@example.in,Dev Deshmukh,+918936703208,3850-6702-2038,DRSPA3398I,"164, Connaught Place, Sector 27",Ahmedabad,"[""ORDER_FULFILLMENT"",""MARKETING_SMS"",""CUSTOMER_ANALYTICS""]",Dev!1481005F,2026-05-11T10:59:26.174Z
usr_626a5d76192d,tanvi.saxena999@example.in,Tanvi Saxena,+919837154889,7293-9931-6654,YNYPG5388S,"212, Banjara Hills, Sector 14",Mumbai,"[""ORDER_FULFILLMENT"",""MARKETING_SMS"",""CUSTOMER_ANALYTICS""]",Tanvi#608957DB,2026-05-17T10:59:26.174Z
usr_e86f7af5d37b,pooja.trivedi1000@example.in,Pooja Trivedi,+917263745200,8135-4907-3818,NAMPU4614Y,"691, Anna Salai, Sector 18",Pune,"[""ORDER_FULFILLMENT"",""MARKETING_SMS"",""CUSTOMER_ANALYTICS""]",Pooja&2005ACF3,2026-03-29T10:59:26.174Z